linha,descricao,agencia,sequencia,shape_id,latitude,longitude
836,836-CABOCLOS X CAMPO GRANDE (VIA OLINDA ELLIS-CIRCULAR),Fetranspor,0,17423690,"-22.9263","-43.5297"
836,836-CABOCLOS X CAMPO GRANDE (VIA OLINDA ELLIS-CIRCULAR),Fetranspor,1,17423690,"-22.9263","-43.5299"
836,836-CABOCLOS X CAMPO GRANDE (VIA OLINDA ELLIS-CIRCULAR),Fetranspor,2,17423690,"-22.9263","-43.5299"
836,836-CABOCLOS X CAMPO GRANDE (VIA OLINDA ELLIS-CIRCULAR),Fetranspor,3,17423690,"-22.9264","-43.5301"
836,836-CABOCLOS X CAMPO GRANDE (VIA OLINDA ELLIS-CIRCULAR),Fetranspor,4,17423690,"-22.9264","-43.5302"
836,836-CABOCLOS X CAMPO GRANDE (VIA OLINDA ELLIS-CIRCULAR),Fetranspor,5,17423690,"-22.9265","-43.5303"
836,836-CABOCLOS X CAMPO GRANDE (VIA OLINDA ELLIS-CIRCULAR),Fetranspor,6,17423690,"-22.9267","-43.5305"
836,836-CABOCLOS X CAMPO GRANDE (VIA OLINDA ELLIS-CIRCULAR),Fetranspor,7,17423690,"-22.9272","-43.5308"
836,836-CABOCLOS X CAMPO GRANDE (VIA OLINDA ELLIS-CIRCULAR),Fetranspor,8,17423690,"-22.9279","-43.5312"
836,836-CABOCLOS X CAMPO GRANDE (VIA OLINDA ELLIS-CIRCULAR),Fetranspor,9,17423690,"-22.9281","-43.5314"
836,836-CABOCLOS X CAMPO GRANDE (VIA OLINDA ELLIS-CIRCULAR),Fetranspor,10,17423690,"-22.9282","-43.5314"
836,836-CABOCLOS X CAMPO GRANDE (VIA OLINDA ELLIS-CIRCULAR),Fetranspor,11,17423690,"-22.9282","-43.5315"
836,836-CABOCLOS X CAMPO GRANDE (VIA OLINDA ELLIS-CIRCULAR),Fetranspor,12,17423690,"-22.9283","-43.5316"
836,836-CABOCLOS X CAMPO GRANDE (VIA OLINDA ELLIS-CIRCULAR),Fetranspor,13,17423690,"-22.9283","-43.5317"
836,836-CABOCLOS X CAMPO GRANDE (VIA OLINDA ELLIS-CIRCULAR),Fetranspor,14,17423690,"-22.9283","-43.5318"
836,836-CABOCLOS X CAMPO GRANDE (VIA OLINDA ELLIS-CIRCULAR),Fetranspor,15,17423690,"-22.9284","-43.5319"
836,836-CABOCLOS X CAMPO GRANDE (VIA OLINDA ELLIS-CIRCULAR),Fetranspor,16,17423690,"-22.9284","-43.5319"
836,836-CABOCLOS X CAMPO GRANDE (VIA OLINDA ELLIS-CIRCULAR),Fetranspor,17,17423690,"-22.9284","-43.532"
836,836-CABOCLOS X CAMPO GRANDE (VIA OLINDA ELLIS-CIRCULAR),Fetranspor,18,17423690,"-22.9283","-43.5324"
836,836-CABOCLOS X CAMPO GRANDE (VIA OLINDA ELLIS-CIRCULAR),Fetranspor,19,17423690,"-22.9283","-43.5327"
836,836-CABOCLOS X CAMPO GRANDE (VIA OLINDA ELLIS-CIRCULAR),Fetranspor,20,17423690,"-22.9283","-43.533"
836,836-CABOCLOS X CAMPO GRANDE (VIA OLINDA ELLIS-CIRCULAR),Fetranspor,21,17423690,"-22.9284","-43.5333"
836,836-CABOCLOS X CAMPO GRANDE (VIA OLINDA ELLIS-CIRCULAR),Fetranspor,22,17423690,"-22.9284","-43.5333"
836,836-CABOCLOS X CAMPO GRANDE (VIA OLINDA ELLIS-CIRCULAR),Fetranspor,23,17423690,"-22.9285","-43.5336"
836,836-CABOCLOS X CAMPO GRANDE (VIA OLINDA ELLIS-CIRCULAR),Fetranspor,24,17423690,"-22.9287","-43.5342"
836,836-CABOCLOS X CAMPO GRANDE (VIA OLINDA ELLIS-CIRCULAR),Fetranspor,25,17423690,"-22.9288","-43.5347"
836,836-CABOCLOS X CAMPO GRANDE (VIA OLINDA ELLIS-CIRCULAR),Fetranspor,26,17423690,"-22.9289","-43.5349"
836,836-CABOCLOS X CAMPO GRANDE (VIA OLINDA ELLIS-CIRCULAR),Fetranspor,27,17423690,"-22.9289","-43.535"
836,836-CABOCLOS X CAMPO GRANDE (VIA OLINDA ELLIS-CIRCULAR),Fetranspor,28,17423690,"-22.929","-43.5352"
836,836-CABOCLOS X CAMPO GRANDE (VIA OLINDA ELLIS-CIRCULAR),Fetranspor,29,17423690,"-22.9291","-43.5356"
836,836-CABOCLOS X CAMPO GRANDE (VIA OLINDA ELLIS-CIRCULAR),Fetranspor,30,17423690,"-22.9291","-43.5358"
836,836-CABOCLOS X CAMPO GRANDE (VIA OLINDA ELLIS-CIRCULAR),Fetranspor,31,17423690,"-22.9291","-43.5358"
836,836-CABOCLOS X CAMPO GRANDE (VIA OLINDA ELLIS-CIRCULAR),Fetranspor,32,17423690,"-22.9293","-43.5366"
836,836-CABOCLOS X CAMPO GRANDE (VIA OLINDA ELLIS-CIRCULAR),Fetranspor,33,17423690,"-22.9294","-43.5372"
836,836-CABOCLOS X CAMPO GRANDE (VIA OLINDA ELLIS-CIRCULAR),Fetranspor,34,17423690,"-22.9294","-43.5373"
836,836-CABOCLOS X CAMPO GRANDE (VIA OLINDA ELLIS-CIRCULAR),Fetranspor,35,17423690,"-22.9294","-43.5373"
836,836-CABOCLOS X CAMPO GRANDE (VIA OLINDA ELLIS-CIRCULAR),Fetranspor,36,17423690,"-22.9296","-43.538"
836,836-CABOCLOS X CAMPO GRANDE (VIA OLINDA ELLIS-CIRCULAR),Fetranspor,37,17423690,"-22.9296","-43.5381"
836,836-CABOCLOS X CAMPO GRANDE (VIA OLINDA ELLIS-CIRCULAR),Fetranspor,38,17423690,"-22.9296","-43.5382"
836,836-CABOCLOS X CAMPO GRANDE (VIA OLINDA ELLIS-CIRCULAR),Fetranspor,39,17423690,"-22.9296","-43.5384"
836,836-CABOCLOS X CAMPO GRANDE (VIA OLINDA ELLIS-CIRCULAR),Fetranspor,40,17423690,"-22.9295","-43.5389"
836,836-CABOCLOS X CAMPO GRANDE (VIA OLINDA ELLIS-CIRCULAR),Fetranspor,41,17423690,"-22.9294","-43.5391"
836,836-CABOCLOS X CAMPO GRANDE (VIA OLINDA ELLIS-CIRCULAR),Fetranspor,42,17423690,"-22.9294","-43.5392"
836,836-CABOCLOS X CAMPO GRANDE (VIA OLINDA ELLIS-CIRCULAR),Fetranspor,43,17423690,"-22.9289","-43.5402"
836,836-CABOCLOS X CAMPO GRANDE (VIA OLINDA ELLIS-CIRCULAR),Fetranspor,44,17423690,"-22.9289","-43.5402"
836,836-CABOCLOS X CAMPO GRANDE (VIA OLINDA ELLIS-CIRCULAR),Fetranspor,45,17423690,"-22.9289","-43.5407"
836,836-CABOCLOS X CAMPO GRANDE (VIA OLINDA ELLIS-CIRCULAR),Fetranspor,46,17423690,"-22.9289","-43.5409"
836,836-CABOCLOS X CAMPO GRANDE (VIA OLINDA ELLIS-CIRCULAR),Fetranspor,47,17423690,"-22.9289","-43.541"
836,836-CABOCLOS X CAMPO GRANDE (VIA OLINDA ELLIS-CIRCULAR),Fetranspor,48,17423690,"-22.9286","-43.5415"
836,836-CABOCLOS X CAMPO GRANDE (VIA OLINDA ELLIS-CIRCULAR),Fetranspor,49,17423690,"-22.9286","-43.5417"
836,836-CABOCLOS X CAMPO GRANDE (VIA OLINDA ELLIS-CIRCULAR),Fetranspor,50,17423690,"-22.9286","-43.5419"
836,836-CABOCLOS X CAMPO GRANDE (VIA OLINDA ELLIS-CIRCULAR),Fetranspor,51,17423690,"-22.9285","-43.542"
836,836-CABOCLOS X CAMPO GRANDE (VIA OLINDA ELLIS-CIRCULAR),Fetranspor,52,17423690,"-22.9285","-43.542"
836,836-CABOCLOS X CAMPO GRANDE (VIA OLINDA ELLIS-CIRCULAR),Fetranspor,53,17423690,"-22.9283","-43.5424"
836,836-CABOCLOS X CAMPO GRANDE (VIA OLINDA ELLIS-CIRCULAR),Fetranspor,54,17423690,"-22.9282","-43.5425"
836,836-CABOCLOS X CAMPO GRANDE (VIA OLINDA ELLIS-CIRCULAR),Fetranspor,55,17423690,"-22.9282","-43.5426"
836,836-CABOCLOS X CAMPO GRANDE (VIA OLINDA ELLIS-CIRCULAR),Fetranspor,56,17423690,"-22.9282","-43.5426"
836,836-CABOCLOS X CAMPO GRANDE (VIA OLINDA ELLIS-CIRCULAR),Fetranspor,57,17423690,"-22.9282","-43.5427"
836,836-CABOCLOS X CAMPO GRANDE (VIA OLINDA ELLIS-CIRCULAR),Fetranspor,58,17423690,"-22.9283","-43.543"
836,836-CABOCLOS X CAMPO GRANDE (VIA OLINDA ELLIS-CIRCULAR),Fetranspor,59,17423690,"-22.9283","-43.5432"
836,836-CABOCLOS X CAMPO GRANDE (VIA OLINDA ELLIS-CIRCULAR),Fetranspor,60,17423690,"-22.9283","-43.5433"
836,836-CABOCLOS X CAMPO GRANDE (VIA OLINDA ELLIS-CIRCULAR),Fetranspor,61,17423690,"-22.9283","-43.5433"
836,836-CABOCLOS X CAMPO GRANDE (VIA OLINDA ELLIS-CIRCULAR),Fetranspor,62,17423690,"-22.9283","-43.5434"
836,836-CABOCLOS X CAMPO GRANDE (VIA OLINDA ELLIS-CIRCULAR),Fetranspor,63,17423690,"-22.9283","-43.5435"
836,836-CABOCLOS X CAMPO GRANDE (VIA OLINDA ELLIS-CIRCULAR),Fetranspor,64,17423690,"-22.9282","-43.5436"
836,836-CABOCLOS X CAMPO GRANDE (VIA OLINDA ELLIS-CIRCULAR),Fetranspor,65,17423690,"-22.9281","-43.5438"
836,836-CABOCLOS X CAMPO GRANDE (VIA OLINDA ELLIS-CIRCULAR),Fetranspor,66,17423690,"-22.9281","-43.5438"
836,836-CABOCLOS X CAMPO GRANDE (VIA OLINDA ELLIS-CIRCULAR),Fetranspor,67,17423690,"-22.9281","-43.544"
836,836-CABOCLOS X CAMPO GRANDE (VIA OLINDA ELLIS-CIRCULAR),Fetranspor,68,17423690,"-22.9281","-43.5442"
836,836-CABOCLOS X CAMPO GRANDE (VIA OLINDA ELLIS-CIRCULAR),Fetranspor,69,17423690,"-22.9281","-43.5442"
836,836-CABOCLOS X CAMPO GRANDE (VIA OLINDA ELLIS-CIRCULAR),Fetranspor,70,17423690,"-22.9281","-43.5443"
836,836-CABOCLOS X CAMPO GRANDE (VIA OLINDA ELLIS-CIRCULAR),Fetranspor,71,17423690,"-22.9281","-43.5444"
836,836-CABOCLOS X CAMPO GRANDE (VIA OLINDA ELLIS-CIRCULAR),Fetranspor,72,17423690,"-22.9281","-43.5444"
836,836-CABOCLOS X CAMPO GRANDE (VIA OLINDA ELLIS-CIRCULAR),Fetranspor,73,17423690,"-22.9283","-43.5446"
836,836-CABOCLOS X CAMPO GRANDE (VIA OLINDA ELLIS-CIRCULAR),Fetranspor,74,17423690,"-22.9283","-43.5446"
836,836-CABOCLOS X CAMPO GRANDE (VIA OLINDA ELLIS-CIRCULAR),Fetranspor,75,17423690,"-22.9285","-43.5448"
836,836-CABOCLOS X CAMPO GRANDE (VIA OLINDA ELLIS-CIRCULAR),Fetranspor,76,17423690,"-22.9286","-43.5448"
836,836-CABOCLOS X CAMPO GRANDE (VIA OLINDA ELLIS-CIRCULAR),Fetranspor,77,17423690,"-22.9286","-43.5449"
836,836-CABOCLOS X CAMPO GRANDE (VIA OLINDA ELLIS-CIRCULAR),Fetranspor,78,17423690,"-22.9287","-43.5449"
836,836-CABOCLOS X CAMPO GRANDE (VIA OLINDA ELLIS-CIRCULAR),Fetranspor,79,17423690,"-22.9289","-43.5449"
836,836-CABOCLOS X CAMPO GRANDE (VIA OLINDA ELLIS-CIRCULAR),Fetranspor,80,17423690,"-22.929","-43.5449"
836,836-CABOCLOS X CAMPO GRANDE (VIA OLINDA ELLIS-CIRCULAR),Fetranspor,81,17423690,"-22.9291","-43.5449"
836,836-CABOCLOS X CAMPO GRANDE (VIA OLINDA ELLIS-CIRCULAR),Fetranspor,82,17423690,"-22.9293","-43.5449"
836,836-CABOCLOS X CAMPO GRANDE (VIA OLINDA ELLIS-CIRCULAR),Fetranspor,83,17423690,"-22.9295","-43.545"
836,836-CABOCLOS X CAMPO GRANDE (VIA OLINDA ELLIS-CIRCULAR),Fetranspor,84,17423690,"-22.9296","-43.5451"
836,836-CABOCLOS X CAMPO GRANDE (VIA OLINDA ELLIS-CIRCULAR),Fetranspor,85,17423690,"-22.9297","-43.5451"
836,836-CABOCLOS X CAMPO GRANDE (VIA OLINDA ELLIS-CIRCULAR),Fetranspor,86,17423690,"-22.9298","-43.5452"
836,836-CABOCLOS X CAMPO GRANDE (VIA OLINDA ELLIS-CIRCULAR),Fetranspor,87,17423690,"-22.9299","-43.5453"
836,836-CABOCLOS X CAMPO GRANDE (VIA OLINDA ELLIS-CIRCULAR),Fetranspor,88,17423690,"-22.9299","-43.5454"
836,836-CABOCLOS X CAMPO GRANDE (VIA OLINDA ELLIS-CIRCULAR),Fetranspor,89,17423690,"-22.9299","-43.5454"
836,836-CABOCLOS X CAMPO GRANDE (VIA OLINDA ELLIS-CIRCULAR),Fetranspor,90,17423690,"-22.9301","-43.5457"
836,836-CABOCLOS X CAMPO GRANDE (VIA OLINDA ELLIS-CIRCULAR),Fetranspor,91,17423690,"-22.9302","-43.5458"
836,836-CABOCLOS X CAMPO GRANDE (VIA OLINDA ELLIS-CIRCULAR),Fetranspor,92,17423690,"-22.9302","-43.5458"
836,836-CABOCLOS X CAMPO GRANDE (VIA OLINDA ELLIS-CIRCULAR),Fetranspor,93,17423690,"-22.9302","-43.5459"
836,836-CABOCLOS X CAMPO GRANDE (VIA OLINDA ELLIS-CIRCULAR),Fetranspor,94,17423690,"-22.9303","-43.5461"
836,836-CABOCLOS X CAMPO GRANDE (VIA OLINDA ELLIS-CIRCULAR),Fetranspor,95,17423690,"-22.9304","-43.5464"
836,836-CABOCLOS X CAMPO GRANDE (VIA OLINDA ELLIS-CIRCULAR),Fetranspor,96,17423690,"-22.9304","-43.5464"
836,836-CABOCLOS X CAMPO GRANDE (VIA OLINDA ELLIS-CIRCULAR),Fetranspor,97,17423690,"-22.9305","-43.5468"
836,836-CABOCLOS X CAMPO GRANDE (VIA OLINDA ELLIS-CIRCULAR),Fetranspor,98,17423690,"-22.9305","-43.547"
836,836-CABOCLOS X CAMPO GRANDE (VIA OLINDA ELLIS-CIRCULAR),Fetranspor,99,17423690,"-22.9306","-43.5476"
836,836-CABOCLOS X CAMPO GRANDE (VIA OLINDA ELLIS-CIRCULAR),Fetranspor,100,17423690,"-22.9306","-43.5477"
836,836-CABOCLOS X CAMPO GRANDE (VIA OLINDA ELLIS-CIRCULAR),Fetranspor,101,17423690,"-22.9307","-43.548"
836,836-CABOCLOS X CAMPO GRANDE (VIA OLINDA ELLIS-CIRCULAR),Fetranspor,102,17423690,"-22.9307","-43.5483"
836,836-CABOCLOS X CAMPO GRANDE (VIA OLINDA ELLIS-CIRCULAR),Fetranspor,103,17423690,"-22.9307","-43.5484"
836,836-CABOCLOS X CAMPO GRANDE (VIA OLINDA ELLIS-CIRCULAR),Fetranspor,104,17423690,"-22.9306","-43.5489"
836,836-CABOCLOS X CAMPO GRANDE (VIA OLINDA ELLIS-CIRCULAR),Fetranspor,105,17423690,"-22.9306","-43.5489"
836,836-CABOCLOS X CAMPO GRANDE (VIA OLINDA ELLIS-CIRCULAR),Fetranspor,106,17423690,"-22.9305","-43.549"
836,836-CABOCLOS X CAMPO GRANDE (VIA OLINDA ELLIS-CIRCULAR),Fetranspor,107,17423690,"-22.9305","-43.549"
836,836-CABOCLOS X CAMPO GRANDE (VIA OLINDA ELLIS-CIRCULAR),Fetranspor,108,17423690,"-22.9305","-43.549"
836,836-CABOCLOS X CAMPO GRANDE (VIA OLINDA ELLIS-CIRCULAR),Fetranspor,109,17423690,"-22.9305","-43.5491"
836,836-CABOCLOS X CAMPO GRANDE (VIA OLINDA ELLIS-CIRCULAR),Fetranspor,110,17423690,"-22.9305","-43.5491"
836,836-CABOCLOS X CAMPO GRANDE (VIA OLINDA ELLIS-CIRCULAR),Fetranspor,111,17423690,"-22.9303","-43.5493"
836,836-CABOCLOS X CAMPO GRANDE (VIA OLINDA ELLIS-CIRCULAR),Fetranspor,112,17423690,"-22.9302","-43.5494"
836,836-CABOCLOS X CAMPO GRANDE (VIA OLINDA ELLIS-CIRCULAR),Fetranspor,113,17423690,"-22.9301","-43.5495"
836,836-CABOCLOS X CAMPO GRANDE (VIA OLINDA ELLIS-CIRCULAR),Fetranspor,114,17423690,"-22.93","-43.5496"
836,836-CABOCLOS X CAMPO GRANDE (VIA OLINDA ELLIS-CIRCULAR),Fetranspor,115,17423690,"-22.9299","-43.5499"
836,836-CABOCLOS X CAMPO GRANDE (VIA OLINDA ELLIS-CIRCULAR),Fetranspor,116,17423690,"-22.9298","-43.55"
836,836-CABOCLOS X CAMPO GRANDE (VIA OLINDA ELLIS-CIRCULAR),Fetranspor,117,17423690,"-22.9298","-43.5501"
836,836-CABOCLOS X CAMPO GRANDE (VIA OLINDA ELLIS-CIRCULAR),Fetranspor,118,17423690,"-22.9297","-43.5501"
836,836-CABOCLOS X CAMPO GRANDE (VIA OLINDA ELLIS-CIRCULAR),Fetranspor,119,17423690,"-22.9296","-43.5502"
836,836-CABOCLOS X CAMPO GRANDE (VIA OLINDA ELLIS-CIRCULAR),Fetranspor,120,17423690,"-22.9295","-43.5502"
836,836-CABOCLOS X CAMPO GRANDE (VIA OLINDA ELLIS-CIRCULAR),Fetranspor,121,17423690,"-22.9292","-43.5503"
836,836-CABOCLOS X CAMPO GRANDE (VIA OLINDA ELLIS-CIRCULAR),Fetranspor,122,17423690,"-22.9291","-43.5504"
836,836-CABOCLOS X CAMPO GRANDE (VIA OLINDA ELLIS-CIRCULAR),Fetranspor,123,17423690,"-22.929","-43.5504"
836,836-CABOCLOS X CAMPO GRANDE (VIA OLINDA ELLIS-CIRCULAR),Fetranspor,124,17423690,"-22.9283","-43.5504"
836,836-CABOCLOS X CAMPO GRANDE (VIA OLINDA ELLIS-CIRCULAR),Fetranspor,125,17423690,"-22.9283","-43.5504"
836,836-CABOCLOS X CAMPO GRANDE (VIA OLINDA ELLIS-CIRCULAR),Fetranspor,126,17423690,"-22.9282","-43.5504"
836,836-CABOCLOS X CAMPO GRANDE (VIA OLINDA ELLIS-CIRCULAR),Fetranspor,127,17423690,"-22.9282","-43.5505"
836,836-CABOCLOS X CAMPO GRANDE (VIA OLINDA ELLIS-CIRCULAR),Fetranspor,128,17423690,"-22.9281","-43.5505"
836,836-CABOCLOS X CAMPO GRANDE (VIA OLINDA ELLIS-CIRCULAR),Fetranspor,129,17423690,"-22.9281","-43.5506"
836,836-CABOCLOS X CAMPO GRANDE (VIA OLINDA ELLIS-CIRCULAR),Fetranspor,130,17423690,"-22.9281","-43.5506"
836,836-CABOCLOS X CAMPO GRANDE (VIA OLINDA ELLIS-CIRCULAR),Fetranspor,131,17423690,"-22.9281","-43.5508"
836,836-CABOCLOS X CAMPO GRANDE (VIA OLINDA ELLIS-CIRCULAR),Fetranspor,132,17423690,"-22.9281","-43.5508"
836,836-CABOCLOS X CAMPO GRANDE (VIA OLINDA ELLIS-CIRCULAR),Fetranspor,133,17423690,"-22.928","-43.551"
836,836-CABOCLOS X CAMPO GRANDE (VIA OLINDA ELLIS-CIRCULAR),Fetranspor,134,17423690,"-22.928","-43.5511"
836,836-CABOCLOS X CAMPO GRANDE (VIA OLINDA ELLIS-CIRCULAR),Fetranspor,135,17423690,"-22.9279","-43.5513"
836,836-CABOCLOS X CAMPO GRANDE (VIA OLINDA ELLIS-CIRCULAR),Fetranspor,136,17423690,"-22.9278","-43.5514"
836,836-CABOCLOS X CAMPO GRANDE (VIA OLINDA ELLIS-CIRCULAR),Fetranspor,137,17423690,"-22.9277","-43.5514"
836,836-CABOCLOS X CAMPO GRANDE (VIA OLINDA ELLIS-CIRCULAR),Fetranspor,138,17423690,"-22.9276","-43.5515"
836,836-CABOCLOS X CAMPO GRANDE (VIA OLINDA ELLIS-CIRCULAR),Fetranspor,139,17423690,"-22.9276","-43.5516"
836,836-CABOCLOS X CAMPO GRANDE (VIA OLINDA ELLIS-CIRCULAR),Fetranspor,140,17423690,"-22.9275","-43.5517"
836,836-CABOCLOS X CAMPO GRANDE (VIA OLINDA ELLIS-CIRCULAR),Fetranspor,141,17423690,"-22.9275","-43.5518"
836,836-CABOCLOS X CAMPO GRANDE (VIA OLINDA ELLIS-CIRCULAR),Fetranspor,142,17423690,"-22.9275","-43.5519"
836,836-CABOCLOS X CAMPO GRANDE (VIA OLINDA ELLIS-CIRCULAR),Fetranspor,143,17423690,"-22.9275","-43.552"
836,836-CABOCLOS X CAMPO GRANDE (VIA OLINDA ELLIS-CIRCULAR),Fetranspor,144,17423690,"-22.9275","-43.552"
836,836-CABOCLOS X CAMPO GRANDE (VIA OLINDA ELLIS-CIRCULAR),Fetranspor,145,17423690,"-22.9275","-43.5522"
836,836-CABOCLOS X CAMPO GRANDE (VIA OLINDA ELLIS-CIRCULAR),Fetranspor,146,17423690,"-22.9276","-43.5523"
836,836-CABOCLOS X CAMPO GRANDE (VIA OLINDA ELLIS-CIRCULAR),Fetranspor,147,17423690,"-22.9277","-43.5524"
836,836-CABOCLOS X CAMPO GRANDE (VIA OLINDA ELLIS-CIRCULAR),Fetranspor,148,17423690,"-22.9277","-43.5524"
836,836-CABOCLOS X CAMPO GRANDE (VIA OLINDA ELLIS-CIRCULAR),Fetranspor,149,17423690,"-22.928","-43.5526"
836,836-CABOCLOS X CAMPO GRANDE (VIA OLINDA ELLIS-CIRCULAR),Fetranspor,150,17423690,"-22.9281","-43.5527"
836,836-CABOCLOS X CAMPO GRANDE (VIA OLINDA ELLIS-CIRCULAR),Fetranspor,151,17423690,"-22.9282","-43.5528"
836,836-CABOCLOS X CAMPO GRANDE (VIA OLINDA ELLIS-CIRCULAR),Fetranspor,152,17423690,"-22.9282","-43.5529"
836,836-CABOCLOS X CAMPO GRANDE (VIA OLINDA ELLIS-CIRCULAR),Fetranspor,153,17423690,"-22.9282","-43.5529"
836,836-CABOCLOS X CAMPO GRANDE (VIA OLINDA ELLIS-CIRCULAR),Fetranspor,154,17423690,"-22.9282","-43.553"
836,836-CABOCLOS X CAMPO GRANDE (VIA OLINDA ELLIS-CIRCULAR),Fetranspor,155,17423690,"-22.9282","-43.5532"
836,836-CABOCLOS X CAMPO GRANDE (VIA OLINDA ELLIS-CIRCULAR),Fetranspor,156,17423690,"-22.9276","-43.5542"
836,836-CABOCLOS X CAMPO GRANDE (VIA OLINDA ELLIS-CIRCULAR),Fetranspor,157,17423690,"-22.9276","-43.5542"
836,836-CABOCLOS X CAMPO GRANDE (VIA OLINDA ELLIS-CIRCULAR),Fetranspor,158,17423690,"-22.9275","-43.5541"
836,836-CABOCLOS X CAMPO GRANDE (VIA OLINDA ELLIS-CIRCULAR),Fetranspor,159,17423690,"-22.9275","-43.5541"
836,836-CABOCLOS X CAMPO GRANDE (VIA OLINDA ELLIS-CIRCULAR),Fetranspor,160,17423690,"-22.9268","-43.5535"
836,836-CABOCLOS X CAMPO GRANDE (VIA OLINDA ELLIS-CIRCULAR),Fetranspor,161,17423690,"-22.9268","-43.5535"
836,836-CABOCLOS X CAMPO GRANDE (VIA OLINDA ELLIS-CIRCULAR),Fetranspor,162,17423690,"-22.9262","-43.553"
836,836-CABOCLOS X CAMPO GRANDE (VIA OLINDA ELLIS-CIRCULAR),Fetranspor,163,17423690,"-22.9262","-43.553"
836,836-CABOCLOS X CAMPO GRANDE (VIA OLINDA ELLIS-CIRCULAR),Fetranspor,164,17423690,"-22.9261","-43.5529"
836,836-CABOCLOS X CAMPO GRANDE (VIA OLINDA ELLIS-CIRCULAR),Fetranspor,165,17423690,"-22.9261","-43.5529"
836,836-CABOCLOS X CAMPO GRANDE (VIA OLINDA ELLIS-CIRCULAR),Fetranspor,166,17423690,"-22.9254","-43.5522"
836,836-CABOCLOS X CAMPO GRANDE (VIA OLINDA ELLIS-CIRCULAR),Fetranspor,167,17423690,"-22.9252","-43.5521"
836,836-CABOCLOS X CAMPO GRANDE (VIA OLINDA ELLIS-CIRCULAR),Fetranspor,168,17423690,"-22.9252","-43.5521"
836,836-CABOCLOS X CAMPO GRANDE (VIA OLINDA ELLIS-CIRCULAR),Fetranspor,169,17423690,"-22.925","-43.552"
836,836-CABOCLOS X CAMPO GRANDE (VIA OLINDA ELLIS-CIRCULAR),Fetranspor,170,17423690,"-22.9249","-43.552"
836,836-CABOCLOS X CAMPO GRANDE (VIA OLINDA ELLIS-CIRCULAR),Fetranspor,171,17423690,"-22.9245","-43.5518"
836,836-CABOCLOS X CAMPO GRANDE (VIA OLINDA ELLIS-CIRCULAR),Fetranspor,172,17423690,"-22.9245","-43.5518"
836,836-CABOCLOS X CAMPO GRANDE (VIA OLINDA ELLIS-CIRCULAR),Fetranspor,173,17423690,"-22.9242","-43.5517"
836,836-CABOCLOS X CAMPO GRANDE (VIA OLINDA ELLIS-CIRCULAR),Fetranspor,174,17423690,"-22.9242","-43.5517"
836,836-CABOCLOS X CAMPO GRANDE (VIA OLINDA ELLIS-CIRCULAR),Fetranspor,175,17423690,"-22.9236","-43.5515"
836,836-CABOCLOS X CAMPO GRANDE (VIA OLINDA ELLIS-CIRCULAR),Fetranspor,176,17423690,"-22.9236","-43.5515"
836,836-CABOCLOS X CAMPO GRANDE (VIA OLINDA ELLIS-CIRCULAR),Fetranspor,177,17423690,"-22.9229","-43.5513"
836,836-CABOCLOS X CAMPO GRANDE (VIA OLINDA ELLIS-CIRCULAR),Fetranspor,178,17423690,"-22.9229","-43.5513"
836,836-CABOCLOS X CAMPO GRANDE (VIA OLINDA ELLIS-CIRCULAR),Fetranspor,179,17423690,"-22.9226","-43.5511"
836,836-CABOCLOS X CAMPO GRANDE (VIA OLINDA ELLIS-CIRCULAR),Fetranspor,180,17423690,"-22.9226","-43.5511"
836,836-CABOCLOS X CAMPO GRANDE (VIA OLINDA ELLIS-CIRCULAR),Fetranspor,181,17423690,"-22.9223","-43.551"
836,836-CABOCLOS X CAMPO GRANDE (VIA OLINDA ELLIS-CIRCULAR),Fetranspor,182,17423690,"-22.9222","-43.551"
836,836-CABOCLOS X CAMPO GRANDE (VIA OLINDA ELLIS-CIRCULAR),Fetranspor,183,17423690,"-22.922","-43.551"
836,836-CABOCLOS X CAMPO GRANDE (VIA OLINDA ELLIS-CIRCULAR),Fetranspor,184,17423690,"-22.9219","-43.5509"
836,836-CABOCLOS X CAMPO GRANDE (VIA OLINDA ELLIS-CIRCULAR),Fetranspor,185,17423690,"-22.9219","-43.5509"
836,836-CABOCLOS X CAMPO GRANDE (VIA OLINDA ELLIS-CIRCULAR),Fetranspor,186,17423690,"-22.9217","-43.5509"
836,836-CABOCLOS X CAMPO GRANDE (VIA OLINDA ELLIS-CIRCULAR),Fetranspor,187,17423690,"-22.9215","-43.5509"
836,836-CABOCLOS X CAMPO GRANDE (VIA OLINDA ELLIS-CIRCULAR),Fetranspor,188,17423690,"-22.9213","-43.551"
836,836-CABOCLOS X CAMPO GRANDE (VIA OLINDA ELLIS-CIRCULAR),Fetranspor,189,17423690,"-22.9213","-43.551"
836,836-CABOCLOS X CAMPO GRANDE (VIA OLINDA ELLIS-CIRCULAR),Fetranspor,190,17423690,"-22.921","-43.551"
836,836-CABOCLOS X CAMPO GRANDE (VIA OLINDA ELLIS-CIRCULAR),Fetranspor,191,17423690,"-22.9203","-43.5512"
836,836-CABOCLOS X CAMPO GRANDE (VIA OLINDA ELLIS-CIRCULAR),Fetranspor,192,17423690,"-22.9203","-43.5512"
836,836-CABOCLOS X CAMPO GRANDE (VIA OLINDA ELLIS-CIRCULAR),Fetranspor,193,17423690,"-22.92","-43.5513"
836,836-CABOCLOS X CAMPO GRANDE (VIA OLINDA ELLIS-CIRCULAR),Fetranspor,194,17423690,"-22.9198","-43.5513"
836,836-CABOCLOS X CAMPO GRANDE (VIA OLINDA ELLIS-CIRCULAR),Fetranspor,195,17423690,"-22.9196","-43.5513"
836,836-CABOCLOS X CAMPO GRANDE (VIA OLINDA ELLIS-CIRCULAR),Fetranspor,196,17423690,"-22.9195","-43.5513"
836,836-CABOCLOS X CAMPO GRANDE (VIA OLINDA ELLIS-CIRCULAR),Fetranspor,197,17423690,"-22.9195","-43.5513"
836,836-CABOCLOS X CAMPO GRANDE (VIA OLINDA ELLIS-CIRCULAR),Fetranspor,198,17423690,"-22.9193","-43.5513"
836,836-CABOCLOS X CAMPO GRANDE (VIA OLINDA ELLIS-CIRCULAR),Fetranspor,199,17423690,"-22.9193","-43.5513"
836,836-CABOCLOS X CAMPO GRANDE (VIA OLINDA ELLIS-CIRCULAR),Fetranspor,200,17423690,"-22.9192","-43.5513"
836,836-CABOCLOS X CAMPO GRANDE (VIA OLINDA ELLIS-CIRCULAR),Fetranspor,201,17423690,"-22.9192","-43.5513"
836,836-CABOCLOS X CAMPO GRANDE (VIA OLINDA ELLIS-CIRCULAR),Fetranspor,202,17423690,"-22.919","-43.5512"
836,836-CABOCLOS X CAMPO GRANDE (VIA OLINDA ELLIS-CIRCULAR),Fetranspor,203,17423690,"-22.9188","-43.5512"
836,836-CABOCLOS X CAMPO GRANDE (VIA OLINDA ELLIS-CIRCULAR),Fetranspor,204,17423690,"-22.9188","-43.5512"
836,836-CABOCLOS X CAMPO GRANDE (VIA OLINDA ELLIS-CIRCULAR),Fetranspor,205,17423690,"-22.9188","-43.5511"
836,836-CABOCLOS X CAMPO GRANDE (VIA OLINDA ELLIS-CIRCULAR),Fetranspor,206,17423690,"-22.9188","-43.5511"
836,836-CABOCLOS X CAMPO GRANDE (VIA OLINDA ELLIS-CIRCULAR),Fetranspor,207,17423690,"-22.9182","-43.5508"
836,836-CABOCLOS X CAMPO GRANDE (VIA OLINDA ELLIS-CIRCULAR),Fetranspor,208,17423690,"-22.9182","-43.5508"
836,836-CABOCLOS X CAMPO GRANDE (VIA OLINDA ELLIS-CIRCULAR),Fetranspor,209,17423690,"-22.918","-43.5508"
836,836-CABOCLOS X CAMPO GRANDE (VIA OLINDA ELLIS-CIRCULAR),Fetranspor,210,17423690,"-22.9178","-43.5507"
836,836-CABOCLOS X CAMPO GRANDE (VIA OLINDA ELLIS-CIRCULAR),Fetranspor,211,17423690,"-22.9176","-43.5506"
836,836-CABOCLOS X CAMPO GRANDE (VIA OLINDA ELLIS-CIRCULAR),Fetranspor,212,17423690,"-22.9174","-43.5506"
836,836-CABOCLOS X CAMPO GRANDE (VIA OLINDA ELLIS-CIRCULAR),Fetranspor,213,17423690,"-22.9174","-43.5506"
836,836-CABOCLOS X CAMPO GRANDE (VIA OLINDA ELLIS-CIRCULAR),Fetranspor,214,17423690,"-22.917","-43.5505"
836,836-CABOCLOS X CAMPO GRANDE (VIA OLINDA ELLIS-CIRCULAR),Fetranspor,215,17423690,"-22.917","-43.5505"
836,836-CABOCLOS X CAMPO GRANDE (VIA OLINDA ELLIS-CIRCULAR),Fetranspor,216,17423690,"-22.9165","-43.5504"
836,836-CABOCLOS X CAMPO GRANDE (VIA OLINDA ELLIS-CIRCULAR),Fetranspor,217,17423690,"-22.9165","-43.5504"
836,836-CABOCLOS X CAMPO GRANDE (VIA OLINDA ELLIS-CIRCULAR),Fetranspor,218,17423690,"-22.9163","-43.5503"
836,836-CABOCLOS X CAMPO GRANDE (VIA OLINDA ELLIS-CIRCULAR),Fetranspor,219,17423690,"-22.9163","-43.5503"
836,836-CABOCLOS X CAMPO GRANDE (VIA OLINDA ELLIS-CIRCULAR),Fetranspor,220,17423690,"-22.9147","-43.55"
836,836-CABOCLOS X CAMPO GRANDE (VIA OLINDA ELLIS-CIRCULAR),Fetranspor,221,17423690,"-22.9146","-43.5499"
836,836-CABOCLOS X CAMPO GRANDE (VIA OLINDA ELLIS-CIRCULAR),Fetranspor,222,17423690,"-22.9144","-43.5498"
836,836-CABOCLOS X CAMPO GRANDE (VIA OLINDA ELLIS-CIRCULAR),Fetranspor,223,17423690,"-22.9144","-43.5498"
836,836-CABOCLOS X CAMPO GRANDE (VIA OLINDA ELLIS-CIRCULAR),Fetranspor,224,17423690,"-22.9144","-43.55"
836,836-CABOCLOS X CAMPO GRANDE (VIA OLINDA ELLIS-CIRCULAR),Fetranspor,225,17423690,"-22.9144","-43.55"
836,836-CABOCLOS X CAMPO GRANDE (VIA OLINDA ELLIS-CIRCULAR),Fetranspor,226,17423690,"-22.9143","-43.5508"
836,836-CABOCLOS X CAMPO GRANDE (VIA OLINDA ELLIS-CIRCULAR),Fetranspor,227,17423690,"-22.9143","-43.5508"
836,836-CABOCLOS X CAMPO GRANDE (VIA OLINDA ELLIS-CIRCULAR),Fetranspor,228,17423690,"-22.9143","-43.5511"
836,836-CABOCLOS X CAMPO GRANDE (VIA OLINDA ELLIS-CIRCULAR),Fetranspor,229,17423690,"-22.9143","-43.5511"
836,836-CABOCLOS X CAMPO GRANDE (VIA OLINDA ELLIS-CIRCULAR),Fetranspor,230,17423690,"-22.9142","-43.5515"
836,836-CABOCLOS X CAMPO GRANDE (VIA OLINDA ELLIS-CIRCULAR),Fetranspor,231,17423690,"-22.9142","-43.5517"
836,836-CABOCLOS X CAMPO GRANDE (VIA OLINDA ELLIS-CIRCULAR),Fetranspor,232,17423690,"-22.9142","-43.5518"
836,836-CABOCLOS X CAMPO GRANDE (VIA OLINDA ELLIS-CIRCULAR),Fetranspor,233,17423690,"-22.9143","-43.5518"
836,836-CABOCLOS X CAMPO GRANDE (VIA OLINDA ELLIS-CIRCULAR),Fetranspor,234,17423690,"-22.9143","-43.5519"
836,836-CABOCLOS X CAMPO GRANDE (VIA OLINDA ELLIS-CIRCULAR),Fetranspor,235,17423690,"-22.9144","-43.552"
836,836-CABOCLOS X CAMPO GRANDE (VIA OLINDA ELLIS-CIRCULAR),Fetranspor,236,17423690,"-22.9149","-43.5526"
836,836-CABOCLOS X CAMPO GRANDE (VIA OLINDA ELLIS-CIRCULAR),Fetranspor,237,17423690,"-22.915","-43.5527"
836,836-CABOCLOS X CAMPO GRANDE (VIA OLINDA ELLIS-CIRCULAR),Fetranspor,238,17423690,"-22.9151","-43.5529"
836,836-CABOCLOS X CAMPO GRANDE (VIA OLINDA ELLIS-CIRCULAR),Fetranspor,239,17423690,"-22.9151","-43.5529"
836,836-CABOCLOS X CAMPO GRANDE (VIA OLINDA ELLIS-CIRCULAR),Fetranspor,240,17423690,"-22.9151","-43.553"
836,836-CABOCLOS X CAMPO GRANDE (VIA OLINDA ELLIS-CIRCULAR),Fetranspor,241,17423690,"-22.9151","-43.5532"
836,836-CABOCLOS X CAMPO GRANDE (VIA OLINDA ELLIS-CIRCULAR),Fetranspor,242,17423690,"-22.9151","-43.5532"
836,836-CABOCLOS X CAMPO GRANDE (VIA OLINDA ELLIS-CIRCULAR),Fetranspor,243,17423690,"-22.9151","-43.5532"
836,836-CABOCLOS X CAMPO GRANDE (VIA OLINDA ELLIS-CIRCULAR),Fetranspor,244,17423690,"-22.9151","-43.5534"
836,836-CABOCLOS X CAMPO GRANDE (VIA OLINDA ELLIS-CIRCULAR),Fetranspor,245,17423690,"-22.9151","-43.5535"
836,836-CABOCLOS X CAMPO GRANDE (VIA OLINDA ELLIS-CIRCULAR),Fetranspor,246,17423690,"-22.9151","-43.5535"
836,836-CABOCLOS X CAMPO GRANDE (VIA OLINDA ELLIS-CIRCULAR),Fetranspor,247,17423690,"-22.915","-43.5537"
836,836-CABOCLOS X CAMPO GRANDE (VIA OLINDA ELLIS-CIRCULAR),Fetranspor,248,17423690,"-22.9149","-43.5538"
836,836-CABOCLOS X CAMPO GRANDE (VIA OLINDA ELLIS-CIRCULAR),Fetranspor,249,17423690,"-22.9142","-43.5544"
836,836-CABOCLOS X CAMPO GRANDE (VIA OLINDA ELLIS-CIRCULAR),Fetranspor,250,17423690,"-22.914","-43.5545"
836,836-CABOCLOS X CAMPO GRANDE (VIA OLINDA ELLIS-CIRCULAR),Fetranspor,251,17423690,"-22.9137","-43.5551"
836,836-CABOCLOS X CAMPO GRANDE (VIA OLINDA ELLIS-CIRCULAR),Fetranspor,252,17423690,"-22.9136","-43.5552"
836,836-CABOCLOS X CAMPO GRANDE (VIA OLINDA ELLIS-CIRCULAR),Fetranspor,253,17423690,"-22.9136","-43.5552"
836,836-CABOCLOS X CAMPO GRANDE (VIA OLINDA ELLIS-CIRCULAR),Fetranspor,254,17423690,"-22.9135","-43.5553"
836,836-CABOCLOS X CAMPO GRANDE (VIA OLINDA ELLIS-CIRCULAR),Fetranspor,255,17423690,"-22.9129","-43.5557"
836,836-CABOCLOS X CAMPO GRANDE (VIA OLINDA ELLIS-CIRCULAR),Fetranspor,256,17423690,"-22.9128","-43.5558"
836,836-CABOCLOS X CAMPO GRANDE (VIA OLINDA ELLIS-CIRCULAR),Fetranspor,257,17423690,"-22.9127","-43.5559"
836,836-CABOCLOS X CAMPO GRANDE (VIA OLINDA ELLIS-CIRCULAR),Fetranspor,258,17423690,"-22.9127","-43.5559"
836,836-CABOCLOS X CAMPO GRANDE (VIA OLINDA ELLIS-CIRCULAR),Fetranspor,259,17423690,"-22.9126","-43.556"
836,836-CABOCLOS X CAMPO GRANDE (VIA OLINDA ELLIS-CIRCULAR),Fetranspor,260,17423690,"-22.9123","-43.5565"
836,836-CABOCLOS X CAMPO GRANDE (VIA OLINDA ELLIS-CIRCULAR),Fetranspor,261,17423690,"-22.9123","-43.5565"
836,836-CABOCLOS X CAMPO GRANDE (VIA OLINDA ELLIS-CIRCULAR),Fetranspor,262,17423690,"-22.9118","-43.5571"
836,836-CABOCLOS X CAMPO GRANDE (VIA OLINDA ELLIS-CIRCULAR),Fetranspor,263,17423690,"-22.9118","-43.5571"
836,836-CABOCLOS X CAMPO GRANDE (VIA OLINDA ELLIS-CIRCULAR),Fetranspor,264,17423690,"-22.9116","-43.5574"
836,836-CABOCLOS X CAMPO GRANDE (VIA OLINDA ELLIS-CIRCULAR),Fetranspor,265,17423690,"-22.9116","-43.5574"
836,836-CABOCLOS X CAMPO GRANDE (VIA OLINDA ELLIS-CIRCULAR),Fetranspor,266,17423690,"-22.9116","-43.5574"
836,836-CABOCLOS X CAMPO GRANDE (VIA OLINDA ELLIS-CIRCULAR),Fetranspor,267,17423690,"-22.9115","-43.5576"
836,836-CABOCLOS X CAMPO GRANDE (VIA OLINDA ELLIS-CIRCULAR),Fetranspor,268,17423690,"-22.9114","-43.5579"
836,836-CABOCLOS X CAMPO GRANDE (VIA OLINDA ELLIS-CIRCULAR),Fetranspor,269,17423690,"-22.9114","-43.5581"
836,836-CABOCLOS X CAMPO GRANDE (VIA OLINDA ELLIS-CIRCULAR),Fetranspor,270,17423690,"-22.9113","-43.5581"
836,836-CABOCLOS X CAMPO GRANDE (VIA OLINDA ELLIS-CIRCULAR),Fetranspor,271,17423690,"-22.9113","-43.5581"
836,836-CABOCLOS X CAMPO GRANDE (VIA OLINDA ELLIS-CIRCULAR),Fetranspor,272,17423690,"-22.9113","-43.5582"
836,836-CABOCLOS X CAMPO GRANDE (VIA OLINDA ELLIS-CIRCULAR),Fetranspor,273,17423690,"-22.9112","-43.5583"
836,836-CABOCLOS X CAMPO GRANDE (VIA OLINDA ELLIS-CIRCULAR),Fetranspor,274,17423690,"-22.9107","-43.5587"
836,836-CABOCLOS X CAMPO GRANDE (VIA OLINDA ELLIS-CIRCULAR),Fetranspor,275,17423690,"-22.9107","-43.5587"
836,836-CABOCLOS X CAMPO GRANDE (VIA OLINDA ELLIS-CIRCULAR),Fetranspor,276,17423690,"-22.9106","-43.5588"
836,836-CABOCLOS X CAMPO GRANDE (VIA OLINDA ELLIS-CIRCULAR),Fetranspor,277,17423690,"-22.9106","-43.5588"
836,836-CABOCLOS X CAMPO GRANDE (VIA OLINDA ELLIS-CIRCULAR),Fetranspor,278,17423690,"-22.9105","-43.5589"
836,836-CABOCLOS X CAMPO GRANDE (VIA OLINDA ELLIS-CIRCULAR),Fetranspor,279,17423690,"-22.9103","-43.559"
836,836-CABOCLOS X CAMPO GRANDE (VIA OLINDA ELLIS-CIRCULAR),Fetranspor,280,17423690,"-22.9103","-43.559"
836,836-CABOCLOS X CAMPO GRANDE (VIA OLINDA ELLIS-CIRCULAR),Fetranspor,281,17423690,"-22.9101","-43.5591"
836,836-CABOCLOS X CAMPO GRANDE (VIA OLINDA ELLIS-CIRCULAR),Fetranspor,282,17423690,"-22.9101","-43.5591"
836,836-CABOCLOS X CAMPO GRANDE (VIA OLINDA ELLIS-CIRCULAR),Fetranspor,283,17423690,"-22.91","-43.5592"
836,836-CABOCLOS X CAMPO GRANDE (VIA OLINDA ELLIS-CIRCULAR),Fetranspor,284,17423690,"-22.9099","-43.5593"
836,836-CABOCLOS X CAMPO GRANDE (VIA OLINDA ELLIS-CIRCULAR),Fetranspor,285,17423690,"-22.9099","-43.5593"
836,836-CABOCLOS X CAMPO GRANDE (VIA OLINDA ELLIS-CIRCULAR),Fetranspor,286,17423690,"-22.9097","-43.5593"
836,836-CABOCLOS X CAMPO GRANDE (VIA OLINDA ELLIS-CIRCULAR),Fetranspor,287,17423690,"-22.9096","-43.5594"
836,836-CABOCLOS X CAMPO GRANDE (VIA OLINDA ELLIS-CIRCULAR),Fetranspor,288,17423690,"-22.9096","-43.5594"
836,836-CABOCLOS X CAMPO GRANDE (VIA OLINDA ELLIS-CIRCULAR),Fetranspor,289,17423690,"-22.9076","-43.5604"
836,836-CABOCLOS X CAMPO GRANDE (VIA OLINDA ELLIS-CIRCULAR),Fetranspor,290,17423690,"-22.9076","-43.5604"
836,836-CABOCLOS X CAMPO GRANDE (VIA OLINDA ELLIS-CIRCULAR),Fetranspor,291,17423690,"-22.9072","-43.5606"
836,836-CABOCLOS X CAMPO GRANDE (VIA OLINDA ELLIS-CIRCULAR),Fetranspor,292,17423690,"-22.9067","-43.5609"
836,836-CABOCLOS X CAMPO GRANDE (VIA OLINDA ELLIS-CIRCULAR),Fetranspor,293,17423690,"-22.9067","-43.5609"
836,836-CABOCLOS X CAMPO GRANDE (VIA OLINDA ELLIS-CIRCULAR),Fetranspor,294,17423690,"-22.9064","-43.5605"
836,836-CABOCLOS X CAMPO GRANDE (VIA OLINDA ELLIS-CIRCULAR),Fetranspor,295,17423690,"-22.9063","-43.5604"
836,836-CABOCLOS X CAMPO GRANDE (VIA OLINDA ELLIS-CIRCULAR),Fetranspor,296,17423690,"-22.9063","-43.5604"
836,836-CABOCLOS X CAMPO GRANDE (VIA OLINDA ELLIS-CIRCULAR),Fetranspor,297,17423690,"-22.9062","-43.5603"
836,836-CABOCLOS X CAMPO GRANDE (VIA OLINDA ELLIS-CIRCULAR),Fetranspor,298,17423690,"-22.9061","-43.5602"
836,836-CABOCLOS X CAMPO GRANDE (VIA OLINDA ELLIS-CIRCULAR),Fetranspor,299,17423690,"-22.9061","-43.5602"
836,836-CABOCLOS X CAMPO GRANDE (VIA OLINDA ELLIS-CIRCULAR),Fetranspor,300,17423690,"-22.906","-43.56"
836,836-CABOCLOS X CAMPO GRANDE (VIA OLINDA ELLIS-CIRCULAR),Fetranspor,301,17423690,"-22.906","-43.56"
836,836-CABOCLOS X CAMPO GRANDE (VIA OLINDA ELLIS-CIRCULAR),Fetranspor,302,17423690,"-22.906","-43.5599"
836,836-CABOCLOS X CAMPO GRANDE (VIA OLINDA ELLIS-CIRCULAR),Fetranspor,303,17423690,"-22.9059","-43.5598"
836,836-CABOCLOS X CAMPO GRANDE (VIA OLINDA ELLIS-CIRCULAR),Fetranspor,304,17423690,"-22.9059","-43.5598"
836,836-CABOCLOS X CAMPO GRANDE (VIA OLINDA ELLIS-CIRCULAR),Fetranspor,305,17423690,"-22.9059","-43.5598"
836,836-CABOCLOS X CAMPO GRANDE (VIA OLINDA ELLIS-CIRCULAR),Fetranspor,306,17423690,"-22.9058","-43.5597"
836,836-CABOCLOS X CAMPO GRANDE (VIA OLINDA ELLIS-CIRCULAR),Fetranspor,307,17423690,"-22.9058","-43.5597"
836,836-CABOCLOS X CAMPO GRANDE (VIA OLINDA ELLIS-CIRCULAR),Fetranspor,308,17423690,"-22.9056","-43.5592"
836,836-CABOCLOS X CAMPO GRANDE (VIA OLINDA ELLIS-CIRCULAR),Fetranspor,309,17423690,"-22.9052","-43.5576"
836,836-CABOCLOS X CAMPO GRANDE (VIA OLINDA ELLIS-CIRCULAR),Fetranspor,310,17423690,"-22.9052","-43.5576"
836,836-CABOCLOS X CAMPO GRANDE (VIA OLINDA ELLIS-CIRCULAR),Fetranspor,311,17423690,"-22.9052","-43.5576"
836,836-CABOCLOS X CAMPO GRANDE (VIA OLINDA ELLIS-CIRCULAR),Fetranspor,312,17423690,"-22.9052","-43.5576"
836,836-CABOCLOS X CAMPO GRANDE (VIA OLINDA ELLIS-CIRCULAR),Fetranspor,313,17423690,"-22.9049","-43.5568"
836,836-CABOCLOS X CAMPO GRANDE (VIA OLINDA ELLIS-CIRCULAR),Fetranspor,314,17423690,"-22.9049","-43.5568"
836,836-CABOCLOS X CAMPO GRANDE (VIA OLINDA ELLIS-CIRCULAR),Fetranspor,315,17423690,"-22.9038","-43.5566"
836,836-CABOCLOS X CAMPO GRANDE (VIA OLINDA ELLIS-CIRCULAR),Fetranspor,316,17423690,"-22.9038","-43.5566"
836,836-CABOCLOS X CAMPO GRANDE (VIA OLINDA ELLIS-CIRCULAR),Fetranspor,317,17423690,"-22.9031","-43.5565"
836,836-CABOCLOS X CAMPO GRANDE (VIA OLINDA ELLIS-CIRCULAR),Fetranspor,318,17423690,"-22.9031","-43.5565"
836,836-CABOCLOS X CAMPO GRANDE (VIA OLINDA ELLIS-CIRCULAR),Fetranspor,319,17423690,"-22.9023","-43.5564"
836,836-CABOCLOS X CAMPO GRANDE (VIA OLINDA ELLIS-CIRCULAR),Fetranspor,320,17423690,"-22.9023","-43.5564"
836,836-CABOCLOS X CAMPO GRANDE (VIA OLINDA ELLIS-CIRCULAR),Fetranspor,321,17423690,"-22.902","-43.5564"
836,836-CABOCLOS X CAMPO GRANDE (VIA OLINDA ELLIS-CIRCULAR),Fetranspor,322,17423690,"-22.902","-43.5564"
836,836-CABOCLOS X CAMPO GRANDE (VIA OLINDA ELLIS-CIRCULAR),Fetranspor,323,17423690,"-22.9019","-43.5563"
836,836-CABOCLOS X CAMPO GRANDE (VIA OLINDA ELLIS-CIRCULAR),Fetranspor,324,17423690,"-22.9018","-43.5563"
836,836-CABOCLOS X CAMPO GRANDE (VIA OLINDA ELLIS-CIRCULAR),Fetranspor,325,17423690,"-22.9018","-43.5563"
836,836-CABOCLOS X CAMPO GRANDE (VIA OLINDA ELLIS-CIRCULAR),Fetranspor,326,17423690,"-22.9017","-43.5562"
836,836-CABOCLOS X CAMPO GRANDE (VIA OLINDA ELLIS-CIRCULAR),Fetranspor,327,17423690,"-22.9017","-43.5562"
836,836-CABOCLOS X CAMPO GRANDE (VIA OLINDA ELLIS-CIRCULAR),Fetranspor,328,17423690,"-22.9016","-43.556"
836,836-CABOCLOS X CAMPO GRANDE (VIA OLINDA ELLIS-CIRCULAR),Fetranspor,329,17423690,"-22.9013","-43.5543"
836,836-CABOCLOS X CAMPO GRANDE (VIA OLINDA ELLIS-CIRCULAR),Fetranspor,330,17423690,"-22.9013","-43.5543"
836,836-CABOCLOS X CAMPO GRANDE (VIA OLINDA ELLIS-CIRCULAR),Fetranspor,331,17423690,"-22.9015","-43.5543"
836,836-CABOCLOS X CAMPO GRANDE (VIA OLINDA ELLIS-CIRCULAR),Fetranspor,332,17423690,"-22.9015","-43.5543"
836,836-CABOCLOS X CAMPO GRANDE (VIA OLINDA ELLIS-CIRCULAR),Fetranspor,333,17423690,"-22.9017","-43.5543"
836,836-CABOCLOS X CAMPO GRANDE (VIA OLINDA ELLIS-CIRCULAR),Fetranspor,334,17423690,"-22.9017","-43.5543"
836,836-CABOCLOS X CAMPO GRANDE (VIA OLINDA ELLIS-CIRCULAR),Fetranspor,335,17423690,"-22.9019","-43.5543"
836,836-CABOCLOS X CAMPO GRANDE (VIA OLINDA ELLIS-CIRCULAR),Fetranspor,0,17754695,"-22.902","-43.5544"
836,836-CABOCLOS X CAMPO GRANDE (VIA OLINDA ELLIS-CIRCULAR),Fetranspor,1,17754695,"-22.9023","-43.5554"
836,836-CABOCLOS X CAMPO GRANDE (VIA OLINDA ELLIS-CIRCULAR),Fetranspor,2,17754695,"-22.9024","-43.5559"
836,836-CABOCLOS X CAMPO GRANDE (VIA OLINDA ELLIS-CIRCULAR),Fetranspor,3,17754695,"-22.9025","-43.5561"
836,836-CABOCLOS X CAMPO GRANDE (VIA OLINDA ELLIS-CIRCULAR),Fetranspor,4,17754695,"-22.9025","-43.5561"
836,836-CABOCLOS X CAMPO GRANDE (VIA OLINDA ELLIS-CIRCULAR),Fetranspor,5,17754695,"-22.9025","-43.5562"
836,836-CABOCLOS X CAMPO GRANDE (VIA OLINDA ELLIS-CIRCULAR),Fetranspor,6,17754695,"-22.9024","-43.5563"
836,836-CABOCLOS X CAMPO GRANDE (VIA OLINDA ELLIS-CIRCULAR),Fetranspor,7,17754695,"-22.9024","-43.5563"
836,836-CABOCLOS X CAMPO GRANDE (VIA OLINDA ELLIS-CIRCULAR),Fetranspor,8,17754695,"-22.9023","-43.5564"
836,836-CABOCLOS X CAMPO GRANDE (VIA OLINDA ELLIS-CIRCULAR),Fetranspor,9,17754695,"-22.9023","-43.5564"
836,836-CABOCLOS X CAMPO GRANDE (VIA OLINDA ELLIS-CIRCULAR),Fetranspor,10,17754695,"-22.902","-43.5564"
836,836-CABOCLOS X CAMPO GRANDE (VIA OLINDA ELLIS-CIRCULAR),Fetranspor,11,17754695,"-22.902","-43.5564"
836,836-CABOCLOS X CAMPO GRANDE (VIA OLINDA ELLIS-CIRCULAR),Fetranspor,12,17754695,"-22.9019","-43.5564"
836,836-CABOCLOS X CAMPO GRANDE (VIA OLINDA ELLIS-CIRCULAR),Fetranspor,13,17754695,"-22.9018","-43.5564"
836,836-CABOCLOS X CAMPO GRANDE (VIA OLINDA ELLIS-CIRCULAR),Fetranspor,14,17754695,"-22.9018","-43.5564"
836,836-CABOCLOS X CAMPO GRANDE (VIA OLINDA ELLIS-CIRCULAR),Fetranspor,15,17754695,"-22.9017","-43.5565"
836,836-CABOCLOS X CAMPO GRANDE (VIA OLINDA ELLIS-CIRCULAR),Fetranspor,16,17754695,"-22.9017","-43.5567"
836,836-CABOCLOS X CAMPO GRANDE (VIA OLINDA ELLIS-CIRCULAR),Fetranspor,17,17754695,"-22.9017","-43.5567"
836,836-CABOCLOS X CAMPO GRANDE (VIA OLINDA ELLIS-CIRCULAR),Fetranspor,18,17754695,"-22.9017","-43.5568"
836,836-CABOCLOS X CAMPO GRANDE (VIA OLINDA ELLIS-CIRCULAR),Fetranspor,19,17754695,"-22.9017","-43.5569"
836,836-CABOCLOS X CAMPO GRANDE (VIA OLINDA ELLIS-CIRCULAR),Fetranspor,20,17754695,"-22.902","-43.5587"
836,836-CABOCLOS X CAMPO GRANDE (VIA OLINDA ELLIS-CIRCULAR),Fetranspor,21,17754695,"-22.9021","-43.5588"
836,836-CABOCLOS X CAMPO GRANDE (VIA OLINDA ELLIS-CIRCULAR),Fetranspor,22,17754695,"-22.9021","-43.5588"
836,836-CABOCLOS X CAMPO GRANDE (VIA OLINDA ELLIS-CIRCULAR),Fetranspor,23,17754695,"-22.9022","-43.5589"
836,836-CABOCLOS X CAMPO GRANDE (VIA OLINDA ELLIS-CIRCULAR),Fetranspor,24,17754695,"-22.9022","-43.5589"
836,836-CABOCLOS X CAMPO GRANDE (VIA OLINDA ELLIS-CIRCULAR),Fetranspor,25,17754695,"-22.9022","-43.5589"
836,836-CABOCLOS X CAMPO GRANDE (VIA OLINDA ELLIS-CIRCULAR),Fetranspor,26,17754695,"-22.9023","-43.5591"
836,836-CABOCLOS X CAMPO GRANDE (VIA OLINDA ELLIS-CIRCULAR),Fetranspor,27,17754695,"-22.9025","-43.5598"
836,836-CABOCLOS X CAMPO GRANDE (VIA OLINDA ELLIS-CIRCULAR),Fetranspor,28,17754695,"-22.9025","-43.56"
836,836-CABOCLOS X CAMPO GRANDE (VIA OLINDA ELLIS-CIRCULAR),Fetranspor,29,17754695,"-22.9025","-43.56"
836,836-CABOCLOS X CAMPO GRANDE (VIA OLINDA ELLIS-CIRCULAR),Fetranspor,30,17754695,"-22.9025","-43.5601"
836,836-CABOCLOS X CAMPO GRANDE (VIA OLINDA ELLIS-CIRCULAR),Fetranspor,31,17754695,"-22.9025","-43.5602"
836,836-CABOCLOS X CAMPO GRANDE (VIA OLINDA ELLIS-CIRCULAR),Fetranspor,32,17754695,"-22.9026","-43.5607"
836,836-CABOCLOS X CAMPO GRANDE (VIA OLINDA ELLIS-CIRCULAR),Fetranspor,33,17754695,"-22.9026","-43.5607"
836,836-CABOCLOS X CAMPO GRANDE (VIA OLINDA ELLIS-CIRCULAR),Fetranspor,34,17754695,"-22.9026","-43.5608"
836,836-CABOCLOS X CAMPO GRANDE (VIA OLINDA ELLIS-CIRCULAR),Fetranspor,35,17754695,"-22.9026","-43.5613"
836,836-CABOCLOS X CAMPO GRANDE (VIA OLINDA ELLIS-CIRCULAR),Fetranspor,36,17754695,"-22.9026","-43.5613"
836,836-CABOCLOS X CAMPO GRANDE (VIA OLINDA ELLIS-CIRCULAR),Fetranspor,37,17754695,"-22.9027","-43.5618"
836,836-CABOCLOS X CAMPO GRANDE (VIA OLINDA ELLIS-CIRCULAR),Fetranspor,38,17754695,"-22.9028","-43.5622"
836,836-CABOCLOS X CAMPO GRANDE (VIA OLINDA ELLIS-CIRCULAR),Fetranspor,39,17754695,"-22.9028","-43.5625"
836,836-CABOCLOS X CAMPO GRANDE (VIA OLINDA ELLIS-CIRCULAR),Fetranspor,40,17754695,"-22.9028","-43.5625"
836,836-CABOCLOS X CAMPO GRANDE (VIA OLINDA ELLIS-CIRCULAR),Fetranspor,41,17754695,"-22.9028","-43.5625"
836,836-CABOCLOS X CAMPO GRANDE (VIA OLINDA ELLIS-CIRCULAR),Fetranspor,42,17754695,"-22.9028","-43.5626"
836,836-CABOCLOS X CAMPO GRANDE (VIA OLINDA ELLIS-CIRCULAR),Fetranspor,43,17754695,"-22.9029","-43.5629"
836,836-CABOCLOS X CAMPO GRANDE (VIA OLINDA ELLIS-CIRCULAR),Fetranspor,44,17754695,"-22.9033","-43.5652"
836,836-CABOCLOS X CAMPO GRANDE (VIA OLINDA ELLIS-CIRCULAR),Fetranspor,45,17754695,"-22.9033","-43.5652"
836,836-CABOCLOS X CAMPO GRANDE (VIA OLINDA ELLIS-CIRCULAR),Fetranspor,46,17754695,"-22.9035","-43.5654"
836,836-CABOCLOS X CAMPO GRANDE (VIA OLINDA ELLIS-CIRCULAR),Fetranspor,47,17754695,"-22.9035","-43.5654"
836,836-CABOCLOS X CAMPO GRANDE (VIA OLINDA ELLIS-CIRCULAR),Fetranspor,48,17754695,"-22.9036","-43.5661"
836,836-CABOCLOS X CAMPO GRANDE (VIA OLINDA ELLIS-CIRCULAR),Fetranspor,49,17754695,"-22.9036","-43.5661"
836,836-CABOCLOS X CAMPO GRANDE (VIA OLINDA ELLIS-CIRCULAR),Fetranspor,50,17754695,"-22.9036","-43.5662"
836,836-CABOCLOS X CAMPO GRANDE (VIA OLINDA ELLIS-CIRCULAR),Fetranspor,51,17754695,"-22.9036","-43.5663"
836,836-CABOCLOS X CAMPO GRANDE (VIA OLINDA ELLIS-CIRCULAR),Fetranspor,52,17754695,"-22.9037","-43.5666"
836,836-CABOCLOS X CAMPO GRANDE (VIA OLINDA ELLIS-CIRCULAR),Fetranspor,53,17754695,"-22.9037","-43.5666"
836,836-CABOCLOS X CAMPO GRANDE (VIA OLINDA ELLIS-CIRCULAR),Fetranspor,54,17754695,"-22.9041","-43.5663"
836,836-CABOCLOS X CAMPO GRANDE (VIA OLINDA ELLIS-CIRCULAR),Fetranspor,55,17754695,"-22.9041","-43.5663"
836,836-CABOCLOS X CAMPO GRANDE (VIA OLINDA ELLIS-CIRCULAR),Fetranspor,56,17754695,"-22.9043","-43.5663"
836,836-CABOCLOS X CAMPO GRANDE (VIA OLINDA ELLIS-CIRCULAR),Fetranspor,57,17754695,"-22.9054","-43.566"
836,836-CABOCLOS X CAMPO GRANDE (VIA OLINDA ELLIS-CIRCULAR),Fetranspor,58,17754695,"-22.9054","-43.566"
836,836-CABOCLOS X CAMPO GRANDE (VIA OLINDA ELLIS-CIRCULAR),Fetranspor,59,17754695,"-22.9059","-43.566"
836,836-CABOCLOS X CAMPO GRANDE (VIA OLINDA ELLIS-CIRCULAR),Fetranspor,60,17754695,"-22.9061","-43.5659"
836,836-CABOCLOS X CAMPO GRANDE (VIA OLINDA ELLIS-CIRCULAR),Fetranspor,61,17754695,"-22.9061","-43.5659"
836,836-CABOCLOS X CAMPO GRANDE (VIA OLINDA ELLIS-CIRCULAR),Fetranspor,62,17754695,"-22.9065","-43.5658"
836,836-CABOCLOS X CAMPO GRANDE (VIA OLINDA ELLIS-CIRCULAR),Fetranspor,63,17754695,"-22.9067","-43.5658"
836,836-CABOCLOS X CAMPO GRANDE (VIA OLINDA ELLIS-CIRCULAR),Fetranspor,64,17754695,"-22.9069","-43.5659"
836,836-CABOCLOS X CAMPO GRANDE (VIA OLINDA ELLIS-CIRCULAR),Fetranspor,65,17754695,"-22.9071","-43.5659"
836,836-CABOCLOS X CAMPO GRANDE (VIA OLINDA ELLIS-CIRCULAR),Fetranspor,66,17754695,"-22.9073","-43.5659"
836,836-CABOCLOS X CAMPO GRANDE (VIA OLINDA ELLIS-CIRCULAR),Fetranspor,67,17754695,"-22.9073","-43.5659"
836,836-CABOCLOS X CAMPO GRANDE (VIA OLINDA ELLIS-CIRCULAR),Fetranspor,68,17754695,"-22.9074","-43.5659"
836,836-CABOCLOS X CAMPO GRANDE (VIA OLINDA ELLIS-CIRCULAR),Fetranspor,69,17754695,"-22.9076","-43.5659"
836,836-CABOCLOS X CAMPO GRANDE (VIA OLINDA ELLIS-CIRCULAR),Fetranspor,70,17754695,"-22.9076","-43.5659"
836,836-CABOCLOS X CAMPO GRANDE (VIA OLINDA ELLIS-CIRCULAR),Fetranspor,71,17754695,"-22.9078","-43.5659"
836,836-CABOCLOS X CAMPO GRANDE (VIA OLINDA ELLIS-CIRCULAR),Fetranspor,72,17754695,"-22.9085","-43.566"
836,836-CABOCLOS X CAMPO GRANDE (VIA OLINDA ELLIS-CIRCULAR),Fetranspor,73,17754695,"-22.9091","-43.5661"
836,836-CABOCLOS X CAMPO GRANDE (VIA OLINDA ELLIS-CIRCULAR),Fetranspor,74,17754695,"-22.9091","-43.5661"
836,836-CABOCLOS X CAMPO GRANDE (VIA OLINDA ELLIS-CIRCULAR),Fetranspor,75,17754695,"-22.9096","-43.5661"
836,836-CABOCLOS X CAMPO GRANDE (VIA OLINDA ELLIS-CIRCULAR),Fetranspor,76,17754695,"-22.9099","-43.5661"
836,836-CABOCLOS X CAMPO GRANDE (VIA OLINDA ELLIS-CIRCULAR),Fetranspor,77,17754695,"-22.9099","-43.5661"
836,836-CABOCLOS X CAMPO GRANDE (VIA OLINDA ELLIS-CIRCULAR),Fetranspor,78,17754695,"-22.91","-43.566"
836,836-CABOCLOS X CAMPO GRANDE (VIA OLINDA ELLIS-CIRCULAR),Fetranspor,79,17754695,"-22.91","-43.566"
836,836-CABOCLOS X CAMPO GRANDE (VIA OLINDA ELLIS-CIRCULAR),Fetranspor,80,17754695,"-22.91","-43.5655"
836,836-CABOCLOS X CAMPO GRANDE (VIA OLINDA ELLIS-CIRCULAR),Fetranspor,81,17754695,"-22.9101","-43.5646"
836,836-CABOCLOS X CAMPO GRANDE (VIA OLINDA ELLIS-CIRCULAR),Fetranspor,82,17754695,"-22.9101","-43.5646"
836,836-CABOCLOS X CAMPO GRANDE (VIA OLINDA ELLIS-CIRCULAR),Fetranspor,83,17754695,"-22.9101","-43.5631"
836,836-CABOCLOS X CAMPO GRANDE (VIA OLINDA ELLIS-CIRCULAR),Fetranspor,84,17754695,"-22.9101","-43.5631"
836,836-CABOCLOS X CAMPO GRANDE (VIA OLINDA ELLIS-CIRCULAR),Fetranspor,85,17754695,"-22.9101","-43.5624"
836,836-CABOCLOS X CAMPO GRANDE (VIA OLINDA ELLIS-CIRCULAR),Fetranspor,86,17754695,"-22.9102","-43.5616"
836,836-CABOCLOS X CAMPO GRANDE (VIA OLINDA ELLIS-CIRCULAR),Fetranspor,87,17754695,"-22.9102","-43.5616"
836,836-CABOCLOS X CAMPO GRANDE (VIA OLINDA ELLIS-CIRCULAR),Fetranspor,88,17754695,"-22.9102","-43.5603"
836,836-CABOCLOS X CAMPO GRANDE (VIA OLINDA ELLIS-CIRCULAR),Fetranspor,89,17754695,"-22.9102","-43.5603"
836,836-CABOCLOS X CAMPO GRANDE (VIA OLINDA ELLIS-CIRCULAR),Fetranspor,90,17754695,"-22.9102","-43.5601"
836,836-CABOCLOS X CAMPO GRANDE (VIA OLINDA ELLIS-CIRCULAR),Fetranspor,91,17754695,"-22.9102","-43.5595"
836,836-CABOCLOS X CAMPO GRANDE (VIA OLINDA ELLIS-CIRCULAR),Fetranspor,92,17754695,"-22.9102","-43.5594"
836,836-CABOCLOS X CAMPO GRANDE (VIA OLINDA ELLIS-CIRCULAR),Fetranspor,93,17754695,"-22.9102","-43.5594"
836,836-CABOCLOS X CAMPO GRANDE (VIA OLINDA ELLIS-CIRCULAR),Fetranspor,94,17754695,"-22.9102","-43.5592"
836,836-CABOCLOS X CAMPO GRANDE (VIA OLINDA ELLIS-CIRCULAR),Fetranspor,95,17754695,"-22.9102","-43.5591"
836,836-CABOCLOS X CAMPO GRANDE (VIA OLINDA ELLIS-CIRCULAR),Fetranspor,96,17754695,"-22.9103","-43.559"
836,836-CABOCLOS X CAMPO GRANDE (VIA OLINDA ELLIS-CIRCULAR),Fetranspor,97,17754695,"-22.9103","-43.559"
836,836-CABOCLOS X CAMPO GRANDE (VIA OLINDA ELLIS-CIRCULAR),Fetranspor,98,17754695,"-22.9105","-43.5589"
836,836-CABOCLOS X CAMPO GRANDE (VIA OLINDA ELLIS-CIRCULAR),Fetranspor,99,17754695,"-22.9106","-43.5588"
836,836-CABOCLOS X CAMPO GRANDE (VIA OLINDA ELLIS-CIRCULAR),Fetranspor,100,17754695,"-22.9106","-43.5588"
836,836-CABOCLOS X CAMPO GRANDE (VIA OLINDA ELLIS-CIRCULAR),Fetranspor,101,17754695,"-22.9107","-43.5587"
836,836-CABOCLOS X CAMPO GRANDE (VIA OLINDA ELLIS-CIRCULAR),Fetranspor,102,17754695,"-22.9107","-43.5587"
836,836-CABOCLOS X CAMPO GRANDE (VIA OLINDA ELLIS-CIRCULAR),Fetranspor,103,17754695,"-22.9112","-43.5583"
836,836-CABOCLOS X CAMPO GRANDE (VIA OLINDA ELLIS-CIRCULAR),Fetranspor,104,17754695,"-22.9113","-43.5582"
836,836-CABOCLOS X CAMPO GRANDE (VIA OLINDA ELLIS-CIRCULAR),Fetranspor,105,17754695,"-22.9113","-43.5581"
836,836-CABOCLOS X CAMPO GRANDE (VIA OLINDA ELLIS-CIRCULAR),Fetranspor,106,17754695,"-22.9113","-43.5581"
836,836-CABOCLOS X CAMPO GRANDE (VIA OLINDA ELLIS-CIRCULAR),Fetranspor,107,17754695,"-22.9114","-43.5581"
836,836-CABOCLOS X CAMPO GRANDE (VIA OLINDA ELLIS-CIRCULAR),Fetranspor,108,17754695,"-22.9114","-43.5579"
836,836-CABOCLOS X CAMPO GRANDE (VIA OLINDA ELLIS-CIRCULAR),Fetranspor,109,17754695,"-22.9115","-43.5576"
836,836-CABOCLOS X CAMPO GRANDE (VIA OLINDA ELLIS-CIRCULAR),Fetranspor,110,17754695,"-22.9116","-43.5574"
836,836-CABOCLOS X CAMPO GRANDE (VIA OLINDA ELLIS-CIRCULAR),Fetranspor,111,17754695,"-22.9116","-43.5574"
836,836-CABOCLOS X CAMPO GRANDE (VIA OLINDA ELLIS-CIRCULAR),Fetranspor,112,17754695,"-22.9116","-43.5574"
836,836-CABOCLOS X CAMPO GRANDE (VIA OLINDA ELLIS-CIRCULAR),Fetranspor,113,17754695,"-22.9118","-43.5571"
836,836-CABOCLOS X CAMPO GRANDE (VIA OLINDA ELLIS-CIRCULAR),Fetranspor,114,17754695,"-22.9118","-43.5571"
836,836-CABOCLOS X CAMPO GRANDE (VIA OLINDA ELLIS-CIRCULAR),Fetranspor,115,17754695,"-22.9123","-43.5565"
836,836-CABOCLOS X CAMPO GRANDE (VIA OLINDA ELLIS-CIRCULAR),Fetranspor,116,17754695,"-22.9123","-43.5565"
836,836-CABOCLOS X CAMPO GRANDE (VIA OLINDA ELLIS-CIRCULAR),Fetranspor,117,17754695,"-22.9126","-43.556"
836,836-CABOCLOS X CAMPO GRANDE (VIA OLINDA ELLIS-CIRCULAR),Fetranspor,118,17754695,"-22.9127","-43.5559"
836,836-CABOCLOS X CAMPO GRANDE (VIA OLINDA ELLIS-CIRCULAR),Fetranspor,119,17754695,"-22.9127","-43.5559"
836,836-CABOCLOS X CAMPO GRANDE (VIA OLINDA ELLIS-CIRCULAR),Fetranspor,120,17754695,"-22.9128","-43.5558"
836,836-CABOCLOS X CAMPO GRANDE (VIA OLINDA ELLIS-CIRCULAR),Fetranspor,121,17754695,"-22.9129","-43.5557"
836,836-CABOCLOS X CAMPO GRANDE (VIA OLINDA ELLIS-CIRCULAR),Fetranspor,122,17754695,"-22.9135","-43.5553"
836,836-CABOCLOS X CAMPO GRANDE (VIA OLINDA ELLIS-CIRCULAR),Fetranspor,123,17754695,"-22.9136","-43.5552"
836,836-CABOCLOS X CAMPO GRANDE (VIA OLINDA ELLIS-CIRCULAR),Fetranspor,124,17754695,"-22.9136","-43.5552"
836,836-CABOCLOS X CAMPO GRANDE (VIA OLINDA ELLIS-CIRCULAR),Fetranspor,125,17754695,"-22.9137","-43.5551"
836,836-CABOCLOS X CAMPO GRANDE (VIA OLINDA ELLIS-CIRCULAR),Fetranspor,126,17754695,"-22.914","-43.5545"
836,836-CABOCLOS X CAMPO GRANDE (VIA OLINDA ELLIS-CIRCULAR),Fetranspor,127,17754695,"-22.9142","-43.5544"
836,836-CABOCLOS X CAMPO GRANDE (VIA OLINDA ELLIS-CIRCULAR),Fetranspor,128,17754695,"-22.9149","-43.5538"
836,836-CABOCLOS X CAMPO GRANDE (VIA OLINDA ELLIS-CIRCULAR),Fetranspor,129,17754695,"-22.915","-43.5537"
836,836-CABOCLOS X CAMPO GRANDE (VIA OLINDA ELLIS-CIRCULAR),Fetranspor,130,17754695,"-22.9151","-43.5535"
836,836-CABOCLOS X CAMPO GRANDE (VIA OLINDA ELLIS-CIRCULAR),Fetranspor,131,17754695,"-22.9151","-43.5535"
836,836-CABOCLOS X CAMPO GRANDE (VIA OLINDA ELLIS-CIRCULAR),Fetranspor,132,17754695,"-22.9151","-43.5534"
836,836-CABOCLOS X CAMPO GRANDE (VIA OLINDA ELLIS-CIRCULAR),Fetranspor,133,17754695,"-22.9151","-43.5532"
836,836-CABOCLOS X CAMPO GRANDE (VIA OLINDA ELLIS-CIRCULAR),Fetranspor,134,17754695,"-22.9151","-43.5532"
836,836-CABOCLOS X CAMPO GRANDE (VIA OLINDA ELLIS-CIRCULAR),Fetranspor,135,17754695,"-22.9151","-43.5532"
836,836-CABOCLOS X CAMPO GRANDE (VIA OLINDA ELLIS-CIRCULAR),Fetranspor,136,17754695,"-22.9151","-43.553"
836,836-CABOCLOS X CAMPO GRANDE (VIA OLINDA ELLIS-CIRCULAR),Fetranspor,137,17754695,"-22.9151","-43.5529"
836,836-CABOCLOS X CAMPO GRANDE (VIA OLINDA ELLIS-CIRCULAR),Fetranspor,138,17754695,"-22.9151","-43.5529"
836,836-CABOCLOS X CAMPO GRANDE (VIA OLINDA ELLIS-CIRCULAR),Fetranspor,139,17754695,"-22.915","-43.5527"
836,836-CABOCLOS X CAMPO GRANDE (VIA OLINDA ELLIS-CIRCULAR),Fetranspor,140,17754695,"-22.9149","-43.5526"
836,836-CABOCLOS X CAMPO GRANDE (VIA OLINDA ELLIS-CIRCULAR),Fetranspor,141,17754695,"-22.9144","-43.552"
836,836-CABOCLOS X CAMPO GRANDE (VIA OLINDA ELLIS-CIRCULAR),Fetranspor,142,17754695,"-22.9143","-43.5519"
836,836-CABOCLOS X CAMPO GRANDE (VIA OLINDA ELLIS-CIRCULAR),Fetranspor,143,17754695,"-22.9143","-43.5518"
836,836-CABOCLOS X CAMPO GRANDE (VIA OLINDA ELLIS-CIRCULAR),Fetranspor,144,17754695,"-22.9142","-43.5518"
836,836-CABOCLOS X CAMPO GRANDE (VIA OLINDA ELLIS-CIRCULAR),Fetranspor,145,17754695,"-22.9142","-43.5517"
836,836-CABOCLOS X CAMPO GRANDE (VIA OLINDA ELLIS-CIRCULAR),Fetranspor,146,17754695,"-22.9142","-43.5515"
836,836-CABOCLOS X CAMPO GRANDE (VIA OLINDA ELLIS-CIRCULAR),Fetranspor,147,17754695,"-22.9143","-43.5511"
836,836-CABOCLOS X CAMPO GRANDE (VIA OLINDA ELLIS-CIRCULAR),Fetranspor,148,17754695,"-22.9143","-43.5511"
836,836-CABOCLOS X CAMPO GRANDE (VIA OLINDA ELLIS-CIRCULAR),Fetranspor,149,17754695,"-22.9143","-43.5508"
836,836-CABOCLOS X CAMPO GRANDE (VIA OLINDA ELLIS-CIRCULAR),Fetranspor,150,17754695,"-22.9143","-43.5508"
836,836-CABOCLOS X CAMPO GRANDE (VIA OLINDA ELLIS-CIRCULAR),Fetranspor,151,17754695,"-22.9144","-43.55"
836,836-CABOCLOS X CAMPO GRANDE (VIA OLINDA ELLIS-CIRCULAR),Fetranspor,152,17754695,"-22.9144","-43.55"
836,836-CABOCLOS X CAMPO GRANDE (VIA OLINDA ELLIS-CIRCULAR),Fetranspor,153,17754695,"-22.9144","-43.55"
836,836-CABOCLOS X CAMPO GRANDE (VIA OLINDA ELLIS-CIRCULAR),Fetranspor,154,17754695,"-22.9146","-43.55"
836,836-CABOCLOS X CAMPO GRANDE (VIA OLINDA ELLIS-CIRCULAR),Fetranspor,155,17754695,"-22.9147","-43.55"
836,836-CABOCLOS X CAMPO GRANDE (VIA OLINDA ELLIS-CIRCULAR),Fetranspor,156,17754695,"-22.9176","-43.5507"
836,836-CABOCLOS X CAMPO GRANDE (VIA OLINDA ELLIS-CIRCULAR),Fetranspor,157,17754695,"-22.9178","-43.5507"
836,836-CABOCLOS X CAMPO GRANDE (VIA OLINDA ELLIS-CIRCULAR),Fetranspor,158,17754695,"-22.918","-43.5508"
836,836-CABOCLOS X CAMPO GRANDE (VIA OLINDA ELLIS-CIRCULAR),Fetranspor,159,17754695,"-22.9186","-43.5511"
836,836-CABOCLOS X CAMPO GRANDE (VIA OLINDA ELLIS-CIRCULAR),Fetranspor,160,17754695,"-22.9186","-43.5511"
836,836-CABOCLOS X CAMPO GRANDE (VIA OLINDA ELLIS-CIRCULAR),Fetranspor,161,17754695,"-22.9187","-43.5511"
836,836-CABOCLOS X CAMPO GRANDE (VIA OLINDA ELLIS-CIRCULAR),Fetranspor,162,17754695,"-22.9188","-43.5512"
836,836-CABOCLOS X CAMPO GRANDE (VIA OLINDA ELLIS-CIRCULAR),Fetranspor,163,17754695,"-22.9188","-43.5512"
836,836-CABOCLOS X CAMPO GRANDE (VIA OLINDA ELLIS-CIRCULAR),Fetranspor,164,17754695,"-22.919","-43.5512"
836,836-CABOCLOS X CAMPO GRANDE (VIA OLINDA ELLIS-CIRCULAR),Fetranspor,165,17754695,"-22.9192","-43.5513"
836,836-CABOCLOS X CAMPO GRANDE (VIA OLINDA ELLIS-CIRCULAR),Fetranspor,166,17754695,"-22.9192","-43.5513"
836,836-CABOCLOS X CAMPO GRANDE (VIA OLINDA ELLIS-CIRCULAR),Fetranspor,167,17754695,"-22.9193","-43.5513"
836,836-CABOCLOS X CAMPO GRANDE (VIA OLINDA ELLIS-CIRCULAR),Fetranspor,168,17754695,"-22.9193","-43.5513"
836,836-CABOCLOS X CAMPO GRANDE (VIA OLINDA ELLIS-CIRCULAR),Fetranspor,169,17754695,"-22.9195","-43.5513"
836,836-CABOCLOS X CAMPO GRANDE (VIA OLINDA ELLIS-CIRCULAR),Fetranspor,170,17754695,"-22.9195","-43.5513"
836,836-CABOCLOS X CAMPO GRANDE (VIA OLINDA ELLIS-CIRCULAR),Fetranspor,171,17754695,"-22.9196","-43.5513"
836,836-CABOCLOS X CAMPO GRANDE (VIA OLINDA ELLIS-CIRCULAR),Fetranspor,172,17754695,"-22.9198","-43.5513"
836,836-CABOCLOS X CAMPO GRANDE (VIA OLINDA ELLIS-CIRCULAR),Fetranspor,173,17754695,"-22.92","-43.5513"
836,836-CABOCLOS X CAMPO GRANDE (VIA OLINDA ELLIS-CIRCULAR),Fetranspor,174,17754695,"-22.9203","-43.5512"
836,836-CABOCLOS X CAMPO GRANDE (VIA OLINDA ELLIS-CIRCULAR),Fetranspor,175,17754695,"-22.9203","-43.5512"
836,836-CABOCLOS X CAMPO GRANDE (VIA OLINDA ELLIS-CIRCULAR),Fetranspor,176,17754695,"-22.921","-43.551"
836,836-CABOCLOS X CAMPO GRANDE (VIA OLINDA ELLIS-CIRCULAR),Fetranspor,177,17754695,"-22.9213","-43.551"
836,836-CABOCLOS X CAMPO GRANDE (VIA OLINDA ELLIS-CIRCULAR),Fetranspor,178,17754695,"-22.9213","-43.551"
836,836-CABOCLOS X CAMPO GRANDE (VIA OLINDA ELLIS-CIRCULAR),Fetranspor,179,17754695,"-22.9215","-43.5509"
836,836-CABOCLOS X CAMPO GRANDE (VIA OLINDA ELLIS-CIRCULAR),Fetranspor,180,17754695,"-22.9217","-43.5509"
836,836-CABOCLOS X CAMPO GRANDE (VIA OLINDA ELLIS-CIRCULAR),Fetranspor,181,17754695,"-22.9219","-43.5509"
836,836-CABOCLOS X CAMPO GRANDE (VIA OLINDA ELLIS-CIRCULAR),Fetranspor,182,17754695,"-22.9219","-43.5509"
836,836-CABOCLOS X CAMPO GRANDE (VIA OLINDA ELLIS-CIRCULAR),Fetranspor,183,17754695,"-22.922","-43.551"
836,836-CABOCLOS X CAMPO GRANDE (VIA OLINDA ELLIS-CIRCULAR),Fetranspor,184,17754695,"-22.9222","-43.551"
836,836-CABOCLOS X CAMPO GRANDE (VIA OLINDA ELLIS-CIRCULAR),Fetranspor,185,17754695,"-22.9223","-43.551"
836,836-CABOCLOS X CAMPO GRANDE (VIA OLINDA ELLIS-CIRCULAR),Fetranspor,186,17754695,"-22.9226","-43.5511"
836,836-CABOCLOS X CAMPO GRANDE (VIA OLINDA ELLIS-CIRCULAR),Fetranspor,187,17754695,"-22.9226","-43.5511"
836,836-CABOCLOS X CAMPO GRANDE (VIA OLINDA ELLIS-CIRCULAR),Fetranspor,188,17754695,"-22.9229","-43.5513"
836,836-CABOCLOS X CAMPO GRANDE (VIA OLINDA ELLIS-CIRCULAR),Fetranspor,189,17754695,"-22.9229","-43.5513"
836,836-CABOCLOS X CAMPO GRANDE (VIA OLINDA ELLIS-CIRCULAR),Fetranspor,190,17754695,"-22.9236","-43.5515"
836,836-CABOCLOS X CAMPO GRANDE (VIA OLINDA ELLIS-CIRCULAR),Fetranspor,191,17754695,"-22.9236","-43.5515"
836,836-CABOCLOS X CAMPO GRANDE (VIA OLINDA ELLIS-CIRCULAR),Fetranspor,192,17754695,"-22.9242","-43.5517"
836,836-CABOCLOS X CAMPO GRANDE (VIA OLINDA ELLIS-CIRCULAR),Fetranspor,193,17754695,"-22.9242","-43.5517"
836,836-CABOCLOS X CAMPO GRANDE (VIA OLINDA ELLIS-CIRCULAR),Fetranspor,194,17754695,"-22.9245","-43.5518"
836,836-CABOCLOS X CAMPO GRANDE (VIA OLINDA ELLIS-CIRCULAR),Fetranspor,195,17754695,"-22.9245","-43.5518"
836,836-CABOCLOS X CAMPO GRANDE (VIA OLINDA ELLIS-CIRCULAR),Fetranspor,196,17754695,"-22.9249","-43.552"
836,836-CABOCLOS X CAMPO GRANDE (VIA OLINDA ELLIS-CIRCULAR),Fetranspor,197,17754695,"-22.925","-43.552"
836,836-CABOCLOS X CAMPO GRANDE (VIA OLINDA ELLIS-CIRCULAR),Fetranspor,198,17754695,"-22.9252","-43.5521"
836,836-CABOCLOS X CAMPO GRANDE (VIA OLINDA ELLIS-CIRCULAR),Fetranspor,199,17754695,"-22.9252","-43.5521"
836,836-CABOCLOS X CAMPO GRANDE (VIA OLINDA ELLIS-CIRCULAR),Fetranspor,200,17754695,"-22.9254","-43.5522"
836,836-CABOCLOS X CAMPO GRANDE (VIA OLINDA ELLIS-CIRCULAR),Fetranspor,201,17754695,"-22.9261","-43.5529"
836,836-CABOCLOS X CAMPO GRANDE (VIA OLINDA ELLIS-CIRCULAR),Fetranspor,202,17754695,"-22.9261","-43.5529"
836,836-CABOCLOS X CAMPO GRANDE (VIA OLINDA ELLIS-CIRCULAR),Fetranspor,203,17754695,"-22.9262","-43.553"
836,836-CABOCLOS X CAMPO GRANDE (VIA OLINDA ELLIS-CIRCULAR),Fetranspor,204,17754695,"-22.9262","-43.553"
836,836-CABOCLOS X CAMPO GRANDE (VIA OLINDA ELLIS-CIRCULAR),Fetranspor,205,17754695,"-22.9268","-43.5535"
836,836-CABOCLOS X CAMPO GRANDE (VIA OLINDA ELLIS-CIRCULAR),Fetranspor,206,17754695,"-22.9268","-43.5535"
836,836-CABOCLOS X CAMPO GRANDE (VIA OLINDA ELLIS-CIRCULAR),Fetranspor,207,17754695,"-22.9275","-43.5541"
836,836-CABOCLOS X CAMPO GRANDE (VIA OLINDA ELLIS-CIRCULAR),Fetranspor,208,17754695,"-22.9275","-43.5541"
836,836-CABOCLOS X CAMPO GRANDE (VIA OLINDA ELLIS-CIRCULAR),Fetranspor,209,17754695,"-22.9276","-43.5542"
836,836-CABOCLOS X CAMPO GRANDE (VIA OLINDA ELLIS-CIRCULAR),Fetranspor,210,17754695,"-22.9276","-43.5542"
836,836-CABOCLOS X CAMPO GRANDE (VIA OLINDA ELLIS-CIRCULAR),Fetranspor,211,17754695,"-22.9282","-43.5532"
836,836-CABOCLOS X CAMPO GRANDE (VIA OLINDA ELLIS-CIRCULAR),Fetranspor,212,17754695,"-22.9282","-43.553"
836,836-CABOCLOS X CAMPO GRANDE (VIA OLINDA ELLIS-CIRCULAR),Fetranspor,213,17754695,"-22.9282","-43.5529"
836,836-CABOCLOS X CAMPO GRANDE (VIA OLINDA ELLIS-CIRCULAR),Fetranspor,214,17754695,"-22.9282","-43.5529"
836,836-CABOCLOS X CAMPO GRANDE (VIA OLINDA ELLIS-CIRCULAR),Fetranspor,215,17754695,"-22.9282","-43.5528"
836,836-CABOCLOS X CAMPO GRANDE (VIA OLINDA ELLIS-CIRCULAR),Fetranspor,216,17754695,"-22.9281","-43.5527"
836,836-CABOCLOS X CAMPO GRANDE (VIA OLINDA ELLIS-CIRCULAR),Fetranspor,217,17754695,"-22.928","-43.5526"
836,836-CABOCLOS X CAMPO GRANDE (VIA OLINDA ELLIS-CIRCULAR),Fetranspor,218,17754695,"-22.9277","-43.5524"
836,836-CABOCLOS X CAMPO GRANDE (VIA OLINDA ELLIS-CIRCULAR),Fetranspor,219,17754695,"-22.9277","-43.5524"
836,836-CABOCLOS X CAMPO GRANDE (VIA OLINDA ELLIS-CIRCULAR),Fetranspor,220,17754695,"-22.9276","-43.5523"
836,836-CABOCLOS X CAMPO GRANDE (VIA OLINDA ELLIS-CIRCULAR),Fetranspor,221,17754695,"-22.9275","-43.5522"
836,836-CABOCLOS X CAMPO GRANDE (VIA OLINDA ELLIS-CIRCULAR),Fetranspor,222,17754695,"-22.9275","-43.552"
836,836-CABOCLOS X CAMPO GRANDE (VIA OLINDA ELLIS-CIRCULAR),Fetranspor,223,17754695,"-22.9275","-43.552"
836,836-CABOCLOS X CAMPO GRANDE (VIA OLINDA ELLIS-CIRCULAR),Fetranspor,224,17754695,"-22.9275","-43.5519"
836,836-CABOCLOS X CAMPO GRANDE (VIA OLINDA ELLIS-CIRCULAR),Fetranspor,225,17754695,"-22.9275","-43.5518"
836,836-CABOCLOS X CAMPO GRANDE (VIA OLINDA ELLIS-CIRCULAR),Fetranspor,226,17754695,"-22.9275","-43.5517"
836,836-CABOCLOS X CAMPO GRANDE (VIA OLINDA ELLIS-CIRCULAR),Fetranspor,227,17754695,"-22.9276","-43.5516"
836,836-CABOCLOS X CAMPO GRANDE (VIA OLINDA ELLIS-CIRCULAR),Fetranspor,228,17754695,"-22.9276","-43.5515"
836,836-CABOCLOS X CAMPO GRANDE (VIA OLINDA ELLIS-CIRCULAR),Fetranspor,229,17754695,"-22.9277","-43.5514"
836,836-CABOCLOS X CAMPO GRANDE (VIA OLINDA ELLIS-CIRCULAR),Fetranspor,230,17754695,"-22.9278","-43.5514"
836,836-CABOCLOS X CAMPO GRANDE (VIA OLINDA ELLIS-CIRCULAR),Fetranspor,231,17754695,"-22.9279","-43.5513"
836,836-CABOCLOS X CAMPO GRANDE (VIA OLINDA ELLIS-CIRCULAR),Fetranspor,232,17754695,"-22.928","-43.5511"
836,836-CABOCLOS X CAMPO GRANDE (VIA OLINDA ELLIS-CIRCULAR),Fetranspor,233,17754695,"-22.928","-43.551"
836,836-CABOCLOS X CAMPO GRANDE (VIA OLINDA ELLIS-CIRCULAR),Fetranspor,234,17754695,"-22.9281","-43.5508"
836,836-CABOCLOS X CAMPO GRANDE (VIA OLINDA ELLIS-CIRCULAR),Fetranspor,235,17754695,"-22.9281","-43.5508"
836,836-CABOCLOS X CAMPO GRANDE (VIA OLINDA ELLIS-CIRCULAR),Fetranspor,236,17754695,"-22.9281","-43.5506"
836,836-CABOCLOS X CAMPO GRANDE (VIA OLINDA ELLIS-CIRCULAR),Fetranspor,237,17754695,"-22.9281","-43.5506"
836,836-CABOCLOS X CAMPO GRANDE (VIA OLINDA ELLIS-CIRCULAR),Fetranspor,238,17754695,"-22.9281","-43.5505"
836,836-CABOCLOS X CAMPO GRANDE (VIA OLINDA ELLIS-CIRCULAR),Fetranspor,239,17754695,"-22.9282","-43.5505"
836,836-CABOCLOS X CAMPO GRANDE (VIA OLINDA ELLIS-CIRCULAR),Fetranspor,240,17754695,"-22.9282","-43.5504"
836,836-CABOCLOS X CAMPO GRANDE (VIA OLINDA ELLIS-CIRCULAR),Fetranspor,241,17754695,"-22.9283","-43.5504"
836,836-CABOCLOS X CAMPO GRANDE (VIA OLINDA ELLIS-CIRCULAR),Fetranspor,242,17754695,"-22.9283","-43.5504"
836,836-CABOCLOS X CAMPO GRANDE (VIA OLINDA ELLIS-CIRCULAR),Fetranspor,243,17754695,"-22.929","-43.5504"
836,836-CABOCLOS X CAMPO GRANDE (VIA OLINDA ELLIS-CIRCULAR),Fetranspor,244,17754695,"-22.9291","-43.5504"
836,836-CABOCLOS X CAMPO GRANDE (VIA OLINDA ELLIS-CIRCULAR),Fetranspor,245,17754695,"-22.9292","-43.5503"
836,836-CABOCLOS X CAMPO GRANDE (VIA OLINDA ELLIS-CIRCULAR),Fetranspor,246,17754695,"-22.9295","-43.5502"
836,836-CABOCLOS X CAMPO GRANDE (VIA OLINDA ELLIS-CIRCULAR),Fetranspor,247,17754695,"-22.9296","-43.5502"
836,836-CABOCLOS X CAMPO GRANDE (VIA OLINDA ELLIS-CIRCULAR),Fetranspor,248,17754695,"-22.9297","-43.5501"
836,836-CABOCLOS X CAMPO GRANDE (VIA OLINDA ELLIS-CIRCULAR),Fetranspor,249,17754695,"-22.9298","-43.5501"
836,836-CABOCLOS X CAMPO GRANDE (VIA OLINDA ELLIS-CIRCULAR),Fetranspor,250,17754695,"-22.9298","-43.55"
836,836-CABOCLOS X CAMPO GRANDE (VIA OLINDA ELLIS-CIRCULAR),Fetranspor,251,17754695,"-22.9299","-43.5499"
836,836-CABOCLOS X CAMPO GRANDE (VIA OLINDA ELLIS-CIRCULAR),Fetranspor,252,17754695,"-22.93","-43.5496"
836,836-CABOCLOS X CAMPO GRANDE (VIA OLINDA ELLIS-CIRCULAR),Fetranspor,253,17754695,"-22.9301","-43.5495"
836,836-CABOCLOS X CAMPO GRANDE (VIA OLINDA ELLIS-CIRCULAR),Fetranspor,254,17754695,"-22.9302","-43.5494"
836,836-CABOCLOS X CAMPO GRANDE (VIA OLINDA ELLIS-CIRCULAR),Fetranspor,255,17754695,"-22.9303","-43.5493"
836,836-CABOCLOS X CAMPO GRANDE (VIA OLINDA ELLIS-CIRCULAR),Fetranspor,256,17754695,"-22.9305","-43.5491"
836,836-CABOCLOS X CAMPO GRANDE (VIA OLINDA ELLIS-CIRCULAR),Fetranspor,257,17754695,"-22.9305","-43.5491"
836,836-CABOCLOS X CAMPO GRANDE (VIA OLINDA ELLIS-CIRCULAR),Fetranspor,258,17754695,"-22.9305","-43.549"
836,836-CABOCLOS X CAMPO GRANDE (VIA OLINDA ELLIS-CIRCULAR),Fetranspor,259,17754695,"-22.9305","-43.549"
836,836-CABOCLOS X CAMPO GRANDE (VIA OLINDA ELLIS-CIRCULAR),Fetranspor,260,17754695,"-22.9305","-43.549"
836,836-CABOCLOS X CAMPO GRANDE (VIA OLINDA ELLIS-CIRCULAR),Fetranspor,261,17754695,"-22.9306","-43.5489"
836,836-CABOCLOS X CAMPO GRANDE (VIA OLINDA ELLIS-CIRCULAR),Fetranspor,262,17754695,"-22.9306","-43.5489"
836,836-CABOCLOS X CAMPO GRANDE (VIA OLINDA ELLIS-CIRCULAR),Fetranspor,263,17754695,"-22.9307","-43.5484"
836,836-CABOCLOS X CAMPO GRANDE (VIA OLINDA ELLIS-CIRCULAR),Fetranspor,264,17754695,"-22.9307","-43.5483"
836,836-CABOCLOS X CAMPO GRANDE (VIA OLINDA ELLIS-CIRCULAR),Fetranspor,265,17754695,"-22.9307","-43.548"
836,836-CABOCLOS X CAMPO GRANDE (VIA OLINDA ELLIS-CIRCULAR),Fetranspor,266,17754695,"-22.9306","-43.5477"
836,836-CABOCLOS X CAMPO GRANDE (VIA OLINDA ELLIS-CIRCULAR),Fetranspor,267,17754695,"-22.9306","-43.5476"
836,836-CABOCLOS X CAMPO GRANDE (VIA OLINDA ELLIS-CIRCULAR),Fetranspor,268,17754695,"-22.9305","-43.547"
836,836-CABOCLOS X CAMPO GRANDE (VIA OLINDA ELLIS-CIRCULAR),Fetranspor,269,17754695,"-22.9305","-43.5468"
836,836-CABOCLOS X CAMPO GRANDE (VIA OLINDA ELLIS-CIRCULAR),Fetranspor,270,17754695,"-22.9304","-43.5464"
836,836-CABOCLOS X CAMPO GRANDE (VIA OLINDA ELLIS-CIRCULAR),Fetranspor,271,17754695,"-22.9304","-43.5464"
836,836-CABOCLOS X CAMPO GRANDE (VIA OLINDA ELLIS-CIRCULAR),Fetranspor,272,17754695,"-22.9303","-43.5461"
836,836-CABOCLOS X CAMPO GRANDE (VIA OLINDA ELLIS-CIRCULAR),Fetranspor,273,17754695,"-22.9302","-43.5459"
836,836-CABOCLOS X CAMPO GRANDE (VIA OLINDA ELLIS-CIRCULAR),Fetranspor,274,17754695,"-22.9302","-43.5458"
836,836-CABOCLOS X CAMPO GRANDE (VIA OLINDA ELLIS-CIRCULAR),Fetranspor,275,17754695,"-22.9302","-43.5458"
836,836-CABOCLOS X CAMPO GRANDE (VIA OLINDA ELLIS-CIRCULAR),Fetranspor,276,17754695,"-22.9301","-43.5457"
836,836-CABOCLOS X CAMPO GRANDE (VIA OLINDA ELLIS-CIRCULAR),Fetranspor,277,17754695,"-22.9299","-43.5454"
836,836-CABOCLOS X CAMPO GRANDE (VIA OLINDA ELLIS-CIRCULAR),Fetranspor,278,17754695,"-22.9299","-43.5454"
836,836-CABOCLOS X CAMPO GRANDE (VIA OLINDA ELLIS-CIRCULAR),Fetranspor,279,17754695,"-22.9299","-43.5453"
836,836-CABOCLOS X CAMPO GRANDE (VIA OLINDA ELLIS-CIRCULAR),Fetranspor,280,17754695,"-22.9298","-43.5452"
836,836-CABOCLOS X CAMPO GRANDE (VIA OLINDA ELLIS-CIRCULAR),Fetranspor,281,17754695,"-22.9297","-43.5451"
836,836-CABOCLOS X CAMPO GRANDE (VIA OLINDA ELLIS-CIRCULAR),Fetranspor,282,17754695,"-22.9296","-43.5451"
836,836-CABOCLOS X CAMPO GRANDE (VIA OLINDA ELLIS-CIRCULAR),Fetranspor,283,17754695,"-22.9295","-43.545"
836,836-CABOCLOS X CAMPO GRANDE (VIA OLINDA ELLIS-CIRCULAR),Fetranspor,284,17754695,"-22.9293","-43.5449"
836,836-CABOCLOS X CAMPO GRANDE (VIA OLINDA ELLIS-CIRCULAR),Fetranspor,285,17754695,"-22.9291","-43.5449"
836,836-CABOCLOS X CAMPO GRANDE (VIA OLINDA ELLIS-CIRCULAR),Fetranspor,286,17754695,"-22.929","-43.5449"
836,836-CABOCLOS X CAMPO GRANDE (VIA OLINDA ELLIS-CIRCULAR),Fetranspor,287,17754695,"-22.9289","-43.5449"
836,836-CABOCLOS X CAMPO GRANDE (VIA OLINDA ELLIS-CIRCULAR),Fetranspor,288,17754695,"-22.9287","-43.5449"
836,836-CABOCLOS X CAMPO GRANDE (VIA OLINDA ELLIS-CIRCULAR),Fetranspor,289,17754695,"-22.9286","-43.5449"
836,836-CABOCLOS X CAMPO GRANDE (VIA OLINDA ELLIS-CIRCULAR),Fetranspor,290,17754695,"-22.9286","-43.5448"
836,836-CABOCLOS X CAMPO GRANDE (VIA OLINDA ELLIS-CIRCULAR),Fetranspor,291,17754695,"-22.9285","-43.5448"
836,836-CABOCLOS X CAMPO GRANDE (VIA OLINDA ELLIS-CIRCULAR),Fetranspor,292,17754695,"-22.9283","-43.5446"
836,836-CABOCLOS X CAMPO GRANDE (VIA OLINDA ELLIS-CIRCULAR),Fetranspor,293,17754695,"-22.9283","-43.5446"
836,836-CABOCLOS X CAMPO GRANDE (VIA OLINDA ELLIS-CIRCULAR),Fetranspor,294,17754695,"-22.9281","-43.5444"
836,836-CABOCLOS X CAMPO GRANDE (VIA OLINDA ELLIS-CIRCULAR),Fetranspor,295,17754695,"-22.9281","-43.5444"
836,836-CABOCLOS X CAMPO GRANDE (VIA OLINDA ELLIS-CIRCULAR),Fetranspor,296,17754695,"-22.9281","-43.5443"
836,836-CABOCLOS X CAMPO GRANDE (VIA OLINDA ELLIS-CIRCULAR),Fetranspor,297,17754695,"-22.9281","-43.5442"
836,836-CABOCLOS X CAMPO GRANDE (VIA OLINDA ELLIS-CIRCULAR),Fetranspor,298,17754695,"-22.9281","-43.5442"
836,836-CABOCLOS X CAMPO GRANDE (VIA OLINDA ELLIS-CIRCULAR),Fetranspor,299,17754695,"-22.9281","-43.544"
836,836-CABOCLOS X CAMPO GRANDE (VIA OLINDA ELLIS-CIRCULAR),Fetranspor,300,17754695,"-22.9281","-43.5438"
836,836-CABOCLOS X CAMPO GRANDE (VIA OLINDA ELLIS-CIRCULAR),Fetranspor,301,17754695,"-22.9281","-43.5438"
836,836-CABOCLOS X CAMPO GRANDE (VIA OLINDA ELLIS-CIRCULAR),Fetranspor,302,17754695,"-22.9282","-43.5436"
836,836-CABOCLOS X CAMPO GRANDE (VIA OLINDA ELLIS-CIRCULAR),Fetranspor,303,17754695,"-22.9283","-43.5435"
836,836-CABOCLOS X CAMPO GRANDE (VIA OLINDA ELLIS-CIRCULAR),Fetranspor,304,17754695,"-22.9283","-43.5434"
836,836-CABOCLOS X CAMPO GRANDE (VIA OLINDA ELLIS-CIRCULAR),Fetranspor,305,17754695,"-22.9283","-43.5433"
836,836-CABOCLOS X CAMPO GRANDE (VIA OLINDA ELLIS-CIRCULAR),Fetranspor,306,17754695,"-22.9283","-43.5433"
836,836-CABOCLOS X CAMPO GRANDE (VIA OLINDA ELLIS-CIRCULAR),Fetranspor,307,17754695,"-22.9283","-43.5432"
836,836-CABOCLOS X CAMPO GRANDE (VIA OLINDA ELLIS-CIRCULAR),Fetranspor,308,17754695,"-22.9283","-43.543"
836,836-CABOCLOS X CAMPO GRANDE (VIA OLINDA ELLIS-CIRCULAR),Fetranspor,309,17754695,"-22.9282","-43.5427"
836,836-CABOCLOS X CAMPO GRANDE (VIA OLINDA ELLIS-CIRCULAR),Fetranspor,310,17754695,"-22.9282","-43.5426"
836,836-CABOCLOS X CAMPO GRANDE (VIA OLINDA ELLIS-CIRCULAR),Fetranspor,311,17754695,"-22.9282","-43.5426"
836,836-CABOCLOS X CAMPO GRANDE (VIA OLINDA ELLIS-CIRCULAR),Fetranspor,312,17754695,"-22.9282","-43.5425"
836,836-CABOCLOS X CAMPO GRANDE (VIA OLINDA ELLIS-CIRCULAR),Fetranspor,313,17754695,"-22.9283","-43.5424"
836,836-CABOCLOS X CAMPO GRANDE (VIA OLINDA ELLIS-CIRCULAR),Fetranspor,314,17754695,"-22.9285","-43.542"
836,836-CABOCLOS X CAMPO GRANDE (VIA OLINDA ELLIS-CIRCULAR),Fetranspor,315,17754695,"-22.9285","-43.542"
836,836-CABOCLOS X CAMPO GRANDE (VIA OLINDA ELLIS-CIRCULAR),Fetranspor,316,17754695,"-22.9286","-43.5419"
836,836-CABOCLOS X CAMPO GRANDE (VIA OLINDA ELLIS-CIRCULAR),Fetranspor,317,17754695,"-22.9286","-43.5417"
836,836-CABOCLOS X CAMPO GRANDE (VIA OLINDA ELLIS-CIRCULAR),Fetranspor,318,17754695,"-22.9286","-43.5415"
836,836-CABOCLOS X CAMPO GRANDE (VIA OLINDA ELLIS-CIRCULAR),Fetranspor,319,17754695,"-22.9289","-43.541"
836,836-CABOCLOS X CAMPO GRANDE (VIA OLINDA ELLIS-CIRCULAR),Fetranspor,320,17754695,"-22.9289","-43.5409"
836,836-CABOCLOS X CAMPO GRANDE (VIA OLINDA ELLIS-CIRCULAR),Fetranspor,321,17754695,"-22.9289","-43.5407"
836,836-CABOCLOS X CAMPO GRANDE (VIA OLINDA ELLIS-CIRCULAR),Fetranspor,322,17754695,"-22.9289","-43.5402"
836,836-CABOCLOS X CAMPO GRANDE (VIA OLINDA ELLIS-CIRCULAR),Fetranspor,323,17754695,"-22.9289","-43.5402"
836,836-CABOCLOS X CAMPO GRANDE (VIA OLINDA ELLIS-CIRCULAR),Fetranspor,324,17754695,"-22.9294","-43.5392"
836,836-CABOCLOS X CAMPO GRANDE (VIA OLINDA ELLIS-CIRCULAR),Fetranspor,325,17754695,"-22.9294","-43.5391"
836,836-CABOCLOS X CAMPO GRANDE (VIA OLINDA ELLIS-CIRCULAR),Fetranspor,326,17754695,"-22.9295","-43.5389"
836,836-CABOCLOS X CAMPO GRANDE (VIA OLINDA ELLIS-CIRCULAR),Fetranspor,327,17754695,"-22.9296","-43.5384"
836,836-CABOCLOS X CAMPO GRANDE (VIA OLINDA ELLIS-CIRCULAR),Fetranspor,328,17754695,"-22.9296","-43.5382"
836,836-CABOCLOS X CAMPO GRANDE (VIA OLINDA ELLIS-CIRCULAR),Fetranspor,329,17754695,"-22.9296","-43.5381"
836,836-CABOCLOS X CAMPO GRANDE (VIA OLINDA ELLIS-CIRCULAR),Fetranspor,330,17754695,"-22.9296","-43.538"
836,836-CABOCLOS X CAMPO GRANDE (VIA OLINDA ELLIS-CIRCULAR),Fetranspor,331,17754695,"-22.9294","-43.5373"
836,836-CABOCLOS X CAMPO GRANDE (VIA OLINDA ELLIS-CIRCULAR),Fetranspor,332,17754695,"-22.9294","-43.5373"
836,836-CABOCLOS X CAMPO GRANDE (VIA OLINDA ELLIS-CIRCULAR),Fetranspor,333,17754695,"-22.9294","-43.5372"
836,836-CABOCLOS X CAMPO GRANDE (VIA OLINDA ELLIS-CIRCULAR),Fetranspor,334,17754695,"-22.9293","-43.5366"
836,836-CABOCLOS X CAMPO GRANDE (VIA OLINDA ELLIS-CIRCULAR),Fetranspor,335,17754695,"-22.9291","-43.5358"
836,836-CABOCLOS X CAMPO GRANDE (VIA OLINDA ELLIS-CIRCULAR),Fetranspor,336,17754695,"-22.9291","-43.5358"
836,836-CABOCLOS X CAMPO GRANDE (VIA OLINDA ELLIS-CIRCULAR),Fetranspor,337,17754695,"-22.9291","-43.5356"
836,836-CABOCLOS X CAMPO GRANDE (VIA OLINDA ELLIS-CIRCULAR),Fetranspor,338,17754695,"-22.929","-43.5352"
836,836-CABOCLOS X CAMPO GRANDE (VIA OLINDA ELLIS-CIRCULAR),Fetranspor,339,17754695,"-22.9289","-43.535"
836,836-CABOCLOS X CAMPO GRANDE (VIA OLINDA ELLIS-CIRCULAR),Fetranspor,340,17754695,"-22.9289","-43.5349"
836,836-CABOCLOS X CAMPO GRANDE (VIA OLINDA ELLIS-CIRCULAR),Fetranspor,341,17754695,"-22.9288","-43.5347"
836,836-CABOCLOS X CAMPO GRANDE (VIA OLINDA ELLIS-CIRCULAR),Fetranspor,342,17754695,"-22.9287","-43.5342"
836,836-CABOCLOS X CAMPO GRANDE (VIA OLINDA ELLIS-CIRCULAR),Fetranspor,343,17754695,"-22.9285","-43.5336"
836,836-CABOCLOS X CAMPO GRANDE (VIA OLINDA ELLIS-CIRCULAR),Fetranspor,344,17754695,"-22.9284","-43.5333"
836,836-CABOCLOS X CAMPO GRANDE (VIA OLINDA ELLIS-CIRCULAR),Fetranspor,345,17754695,"-22.9284","-43.5333"
836,836-CABOCLOS X CAMPO GRANDE (VIA OLINDA ELLIS-CIRCULAR),Fetranspor,346,17754695,"-22.9283","-43.533"
836,836-CABOCLOS X CAMPO GRANDE (VIA OLINDA ELLIS-CIRCULAR),Fetranspor,347,17754695,"-22.9283","-43.5327"
836,836-CABOCLOS X CAMPO GRANDE (VIA OLINDA ELLIS-CIRCULAR),Fetranspor,348,17754695,"-22.9283","-43.5324"
836,836-CABOCLOS X CAMPO GRANDE (VIA OLINDA ELLIS-CIRCULAR),Fetranspor,349,17754695,"-22.9284","-43.532"
836,836-CABOCLOS X CAMPO GRANDE (VIA OLINDA ELLIS-CIRCULAR),Fetranspor,350,17754695,"-22.9284","-43.5319"
836,836-CABOCLOS X CAMPO GRANDE (VIA OLINDA ELLIS-CIRCULAR),Fetranspor,351,17754695,"-22.9284","-43.5319"
836,836-CABOCLOS X CAMPO GRANDE (VIA OLINDA ELLIS-CIRCULAR),Fetranspor,352,17754695,"-22.9283","-43.5318"
836,836-CABOCLOS X CAMPO GRANDE (VIA OLINDA ELLIS-CIRCULAR),Fetranspor,353,17754695,"-22.9283","-43.5317"
836,836-CABOCLOS X CAMPO GRANDE (VIA OLINDA ELLIS-CIRCULAR),Fetranspor,354,17754695,"-22.9283","-43.5316"
836,836-CABOCLOS X CAMPO GRANDE (VIA OLINDA ELLIS-CIRCULAR),Fetranspor,355,17754695,"-22.9282","-43.5315"
836,836-CABOCLOS X CAMPO GRANDE (VIA OLINDA ELLIS-CIRCULAR),Fetranspor,356,17754695,"-22.9282","-43.5314"
836,836-CABOCLOS X CAMPO GRANDE (VIA OLINDA ELLIS-CIRCULAR),Fetranspor,357,17754695,"-22.9281","-43.5314"
836,836-CABOCLOS X CAMPO GRANDE (VIA OLINDA ELLIS-CIRCULAR),Fetranspor,358,17754695,"-22.9279","-43.5312"
836,836-CABOCLOS X CAMPO GRANDE (VIA OLINDA ELLIS-CIRCULAR),Fetranspor,359,17754695,"-22.9272","-43.5308"
836,836-CABOCLOS X CAMPO GRANDE (VIA OLINDA ELLIS-CIRCULAR),Fetranspor,360,17754695,"-22.9267","-43.5305"
836,836-CABOCLOS X CAMPO GRANDE (VIA OLINDA ELLIS-CIRCULAR),Fetranspor,361,17754695,"-22.9265","-43.5303"
836,836-CABOCLOS X CAMPO GRANDE (VIA OLINDA ELLIS-CIRCULAR),Fetranspor,362,17754695,"-22.9264","-43.5302"
836,836-CABOCLOS X CAMPO GRANDE (VIA OLINDA ELLIS-CIRCULAR),Fetranspor,363,17754695,"-22.9264","-43.5301"
836,836-CABOCLOS X CAMPO GRANDE (VIA OLINDA ELLIS-CIRCULAR),Fetranspor,364,17754695,"-22.9263","-43.5299"
836,836-CABOCLOS X CAMPO GRANDE (VIA OLINDA ELLIS-CIRCULAR),Fetranspor,365,17754695,"-22.9263","-43.5299"
836,836-CABOCLOS X CAMPO GRANDE (VIA OLINDA ELLIS-CIRCULAR),Fetranspor,366,17754695,"-22.9263","-43.5297"
